id,negative,key_entity
f3b61b38,0,
84b12bae,0,
6abf4a82,0,
8d076785,0,
d65a1577,0,
4f5344cd,0,
a630e1f8,0,
483e80d4,0,
af86add3,0,
8a707622,0,
13792798,0,
8d1db23b,0,
fa1a82ad,0,
6313d317,0,
936b4763,0,
e46c77f5,0,
7d65264f,0,
0a6216d9,0,
9406837a,0,
e301b3ec,0,
0d0fd2c0,0,
ab2de132,0,
4523801e,0,
35497491,0,
d2f15996,0,
b236d073,0,
2b3f81c9,0,
5c38b15f,0,
c25c24fc,0,
b55b146a,0,
2c5245d0,0,
5b557546,0,
cbea68d7,0,
0012d20a,0,
e971773f,0,
70782685,0,
f7078267,0,
876d76e8,0,
9e91ff84,0,
e996cf12,0,
77f25ab1,0,
7e44169a,0,
6984afe9,0,
19ee5b66,0,
80e70adc,0,
1058174d,0,
cd7931c6,0,
ba7e0150,0,
241a94f3,0,
531da465,0,
2dacd8d8,0,
d4620087,0,
a3653011,0,
a408f408,0,
34b7e999,0,
11413268,0,
664602fe,0,
162cf671,0,
8f25a7cb,0,
7f5d33bf,0,
e6546205,0,
7830f7a6,0,
e139a61c,0,
06818b1b,0,
471b95ee,0,
301ca578,0,
a915f4c2,0,
407651f7,0,
37716161,0,
ae7830db,0,
49c01ddc,0,
3ec72d4a,0,
5e00a4af,0,
596d60b6,0,
b763019a,0,
c064310c,0,
50db2c9d,0,
27dc1c0b,0,
9b239640,0,
6c36c62d,0,
1b31f6bb,0,
f53f9797,0,
85556318,0,
9ca9ea74,0,
05a0bbce,0,
72a78b58,0,
ecc31efb,0,
75ca4f41,0,
e57552d0,0,
92726246,0,
f2b5eba3,0,
85b2db35,0,
1cbb8a8f,0,
6bbcba19,0,
82df1f2c,0,
1bd64e96,0,
6cd17e00,0,
2131eeb3,0,
265c2aaa,0,
515b1a3c,0,
bf557b10,0,
2fea6681,0,
58ed5617,0,
382adff2,0,
d624bede,0,
3f471beb,0,
d1497ac7,0,
36f157c0,0,
41f66756,0,
8a0edd8b,0,
8d631992,0,
1ddc0403,0,
0a1cbd70,0,
7d1b8de6,0,
0d717969,0,
7a7649ff,0,
947828d3,0,
04c73542,0,
73c005d4,0,
455d2bb7,0,
325a1b21,0,
ab534a9b,0,
dc547a0d,0,
3537df38,0,
3c819313,0,
5c461af6,0,
b2487bda,0,
5b2bdeef,0,
2c2cee79,0,
529d92c4,0,
259aa252,0,
776b4935,0,
70068d2c,0,
9e08ec00,0,
197748e2,0,
807e1958,0,
1e1a8cfb,0,
8713dd41,0,
60abf046,0,
17acc0d0,0,
e9e864bb,0,
07e60597,0,
70e13501,0,
ee85a0a2,0,
778cf118,0,
e733ec89,0,
69fa0440,0,
f79e91e3,0,
8099a175,0,
6e97c059,0,
20f38484,0,
57f4b412,0,
cefde5a8,0,
c99021b1,0,
592f3c20,0,
a0e1e47f,0,
3e8571dc,0,
40340d61,0,
12c5e606,0,
65c2d690,0,
fccb872a,0,
15a8221f,0,
62af1289,0,
fba64333,0,
8ca173a5,0,
6b195ea2,0,
7bb423c8,0,
e2bd7272,0,
95ba42e4,0,
05055f75,0,
72026fe3,0,
dd96103a,0,
34f5b50f,0,
adfce4b5,0,
4a44c9b2,0,
2a834057,0,
b38a11ed,0,
c48d217b,0,
2dee844e,0,
b4e7d5f4,0,
535ff8f3,0,
76a92302,0,
98a7422e,0,
e8cdb6a1,0,
0f759ba6,0,
6fb21243,0,
86d1b776,0,
f1d687e0,0,
166eaae7,0,
e82a0e8c,0,
ef47ca95,0,
9840fa03,0,
764e9b2f,0,
91f6b628,0,
f1313fcd,0,
1f3f5ee1,0,
68386e77,0,
f65cfbd4,0,
6f55aa6e,0,
bcb5c3bb,0,
22d15618,0,
ccdf3734,0,
bbd807a2,0,
2b671a33,0,
5c602aa5,0,
3ca7a340,0,
4ba093d6,0,
a5aef2fa,0,
3bca6759,0,
d5c40675,0,
a2c336e3,0,
178af083,0,
8e83a139,0,
7996f154,0,
97989078,0,
09fc05db,0,
7efb354d,0,
e7f264f7,0,
004a49f0,0,
774d7966,0,
41d05705,0,
36d76793,0,
afde3629,0,
d8d906bf,0,
dfb4c2a6,0,
4f0bdf37,0,
58cb6644,0,
5fa6a25d,0,
5610ee76,0,
2117dee0,0,
eaef643d,0,
ed82a024,0,
7d3dbdb5,0,
0a3a8d23,0,
84f365ea,0,
1a97f049,0,
839ea1f3,0,
ed651809,0,
036b7925,0,
9d0fec86,0,
0406bd3c,0,
e3be903b,0,
94b9a0ad,0,
1a704864,0,
6d7778f2,0,
6a1abceb,0,
faa5a17a,0,
5379c8a0,0,
ca70991a,0,
2aa57004,0,
5da24092,0,
4d0f3df8,0,
d4066c42,0,
a3015cd4,0,
33be4145,0,
f846fb98,0,
66226e3b,0,
882c0f17,0,
18931286,0,
6f942210,0,
e15dcad9,0,
7f395f7a,0,
e6300ec0,0,
018823c7,0,
768f1351,0,
37150da4,0,
477ff92b,0,
a9719807,0,
39ce8596,0,
59090c73,0,
2963f8fc,0,
b06aa946,0,
c76d99d0,0,
72245fb0,0,
05236f26,0,
9c2a3e9c,0,
75499ba9,0,
024eab3f,0,
ec40ca13,0,
0bf8e714,0,
6b3f6ef1,0,
85310fdd,0,
6c52aae8,0,
9ba042a8,0,
75ae2384,0,
9ccd86b1,0,
e27cfa0c,0,
f5bc437f,0,
1bb22253,0,
6cb512c5,0,
1cdfe64a,0,
2638466f,0,
513f76f9,0,
c8362743,0,
cf5be35a,0,
b85cd3cc,0,
28e3ce5d,0,
3f23772e,0,
d12d1602,0,
a62a2694,0,
140e24ed,0,
6309147b,0,
8d077557,0,
6464d062,0,
e31b7480,0,
941c4416,0,
7d7fe123,0,
e476b099,0,
9371800f,0,
74c9ad08,0,
3553b3fd,0,
ac5ae247,0,
ab37265e,0,
dc3016c8,0,
3b883bcf,0,
5b4fb22a,0,
2c4882bc,0,
b541d306,0,
2b2546a5,0,
b22c171f,0,
22930a8e,0,
7062e1e9,0,
0765d17f,0,
9e6c80c5,0,
e96bb053,0,
ee06744a,0,
7eb969db,0,
1e7ee03e,0,
f0708112,0,
6e1414b1,0,
19132427,0,
67a2589a,0,
10a5680c,0,
99e6fcf1,0,
00efad4b,0,
77e89ddd,0,
f7fafd26,0,
80fdcdb0,0,
19f49c0a,0,
6ef3ac9c,0,
f097393f,0,
879009a9,0,
1e995813,0,
699e6885,0,
8e264582,0,
27fa2c58,0,
50fd1cce,0,
c9f44d74,0,
2097e841,0,
5790d8d7,0,
ce99896d,0,
b99eb9fb,0,
5e2694fc,0,
a7e84ca3,0,
398cd900,0,
4e8be996,0,
d782b82c,0,
a08588ba,0,
473da5bd,0,
fbc22ff6,0,
8cc51f60,0,
65a6ba55,0,
fcafebef,0,
8ba8db79,0,
1b17c6e8,0,
6c10f67e,0,
0bbabb82,0,
e5b4daae,0,
92b3ea38,0,
750bc73f,0,
3491d9ca,0,
da9fb8e6,0,
44fb2d45,0,
aaf54c69,0,
ddf27cff,0,
3a4a51f8,0,
5a8dd81d,0,
2d8ae88b,0,
b483b931,0,
c38489a7,0,
5de01c04,0,
2ae72c92,0,
c4e94dbe,0,
235160b9,0,
71a08bde,0,
06a7bb48,0,
76cd4fc7,0,
01ca7f51,0,
98c32eeb,0,
efc41e7d,0,
68bbba9f,0,
1fbc8a09,0,
f1b2eb25,0,
81d81faa,0,
666032ad,0,
ef23a650,0,
982496c6,0,
762af7ea,0,
96ff1ef4,0,
f6389711,0,
813fa787,0,
6f31c6ab,0,
8fe42fb5,0,
2ca66b65,0,
5ba15bf3,0,
c2a80a49,0,
2bcbaf7c,0,
c5c5ce50,0,
557ad3c1,0,
42ba6ab2,0,
dbb33b08,0,
32d09e3d,0,
abd9cf87,0,
3b66d216,0,
1e9009e7,0,
f09e68cb,0,
6efafd68,0,
104b81d5,0,
674cb143,0,
078b38a6,0,
e985598a,0,
9e82691c,0,
00e6fcbf,0,
77e1cc29,0,
eee89d93,0,
0950b094,0,
48caae61,0,
3fcd9ef7,0,
a6c4cf4d,0,
d1c3ffdb,0,
46112653,0,
26d6afb6,0,
c8d8ce9a,0,
56bc5b39,0,
b8b23a15,0,
280d2784,0,
0dfbfc75,0,
94f2adcf,0,
e3f59d59,0,
7d9108fa,0,
0a96386c,0,
939f69d6,0,
742744d1,0,
14e0cd34,0,
8a845897,0,
6d3c7590,0,
e47fe16d,0,
0d1c4458,0,
7a1b74ce,0,
eaa4695f,0,
9da359c9,0,
fd64d02c,0,
646d8196,0,
fa091435,0,
14077519,0,
84b86888,0,
b46d50e8,0,
5d0ef5dd,0,
c407a467,0,
b30094f1,0,
23bf8960,0,
347f3013,0,
43780085,0,
3312f40a,0,
4415c49c,0,
dd1c9526,0,
aa1ba5b0,0,
68555346,0,
865b326a,0,
183fa7c9,0,
8136f673,0,
1189ebe2,0,
06495291,0,
7623a61e,0,
ef2af7a4,0,
7f95ea35,0,
4908c456,0,
a706a57a,0,
d00195ec,0,
396230d9,0,
a06b6163,0,
5013f517,0,
2714c581,0,
c91aa4ad,0,
577e310e,0,
20790198,0,
5ec87d25,0,
29cf4db3,0,
7b3ea6d4,0,
9530c7f8,0,
0b54525b,0,
e55a3377,0,
1522a703,0,
8c2bf6b9,0,
fb2cc62f,0,
6548538c,0,
124f631a,0,
8b4632a0,0,
fc410236,0,
6cfe1fa7,0,
1bf92f31,0,
e2d04f43,0,
0cde2e6f,0,
7bd91ef9,0,
eb660368,0,
fca6ba1b,0,
8ba18a8d,0,
12a8db37,0,
65afeba1,0,
fbcb7e02,0,
8ccc4e94,0,
f27d3229,0,
2d2ef2ad,0,
c44d5798,0,
5d440622,0,
2a4336b4,0,
cdfb1bb3,0,
4332f37a,0,
aa51564f,0,
335807f5,0,
d4e02af2,0,
8611c195,0,
f116f103,0,
681fa0b9,0,
1f18902f,0,
f67b351a,0,
6f7264a0,0,
0603a16e,0,
986734cd,0,
766955e1,0,
016e6577,0,
91d178e6,0,
3928c326,0,
4e2ff3b0,0,
de90ee21,0,
c9505752,0,
be5767c4,0,
505906e8,0,
ce3d934b,0,
2033f267,0,
c78bdf60,0,
e27d0491,0,
0c7365bd,0,
7b74552b,0,
0b1ea1a4,0,
7c199132,0,
9ba1bc35,0,
fb6635d0,0,
8c610546,0,
120590e5,0,
6502a073,0,
f5bdbde2,0,
82ba8d74,0,
0bf91989,0,
92f04833,0,
7b93ed06,0,
0c94dd90,0,
7225a12d,0,
fcec49e4,0,
158fecd1,0,
8c86bd6b,0,
fb818dfd,0,
b5e5c920,0,
5beba80c,0,
2cec989a,0,
2b815c83,0,
cc397184,0,
ab933c78,0,
329a6dc2,0,
f0d49b34,0,
19b73e01,0,
9ec89ae3,0,
e9cfaa75,0,
07c1cb59,0,
eea26e6c,0,
77ab3fd6,0,
901312d1,0,
d1890c24,0,
a1e3f8ab,0,
4fed9987,0,
a855b480,0,
c8923d65,0,
cffff97c,0,
b8f8c9ea,0,
21f19850,0,
56f6a8c6,0,
b14e85c1,0,
e3bf6ea6,0,
94b85e30,0,
0db10f8a,0,
7ab63f1c,0,
0adccb93,0,
7ddbfb05,0,
ed64e694,0,
9a63d602,0,
faa45fe7,0,
13c7fad2,0,
f47fd7d5,0,
8378e743,0,
7d3c4328,0,
e4351292,0,
7a518731,0,
0d56b7a7,0,
945fe61d,0,
e358d68b,0,
04e0fb8c,0,
64277269,0,
8a291345,0,
fd2e23d3,0,
634ab670,0,
6afcfa5b,0,
1dfbcacd,0,
b7a37779,0,
b978ff4b,0,
aeb84638,0,
a9d58221,0,
ded2b2b7,0,
47dbe30d,0,
30dcd39b,0,
d764fe9c,0,
859515fb,0,
f292256d,0,
6b9b74d7,0,
1c9c4441,0,
6cf6b0ce,0,
eb89142c,0,
72804596,0,
ece4d035,0,
d3cfb27d,0,
4ac6e3c7,0,
d4a27664,0,
4dab27de,0,
dd143a4f,0,
cad4833c,0,
bdd3b3aa,0,
24dae210,0,
cdb94725,0,
54b0169f,0,
c40f0b0e,0,
0ff7b1d3,0,
78f08145,0,
91932470,0,
ef2258cd,0,
8fe5d128,0,
61ebb004,0,
1181448b,0,
6686741d,0,
f639698c,0,
813e591a,0,
7f7afd71,0,
087dcde7,0,
78173968,0,
96195844,0,
e11e68d2,0,
6661cc30,0,
1166fca6,0,
886fad1c,0,
ff689d8a,0,
610c0829,0,
160b38bf,0,
8f026905,0,
f8055993,0,
b6611d4e,0,
586f7c62,0,
2f684cf4,0,
b10cd957,0,
c60be9c1,0,
280588ed,0,
cfbda5ea,0,
af7a2c0f,0,
41744d23,0,
a817e816,0,
f3504f5a,0,
6a591ee0,0,
1d5e2e76,0,
f43d8b43,0,
6d34daf9,0,
1a33ea6f,0,
9d4c4e8d,0,
73422fa1,0,
ed26ba02,0,
0328db2e,0,
e490f629,0,
a50ae8dc,0,
3c03b966,0,
4b0489f0,0,
a2672cc5,0,
3b6e7d7f,0,
4c694de9,0,
abd160ee,0,
bc11d99d,0,
bb7c1d84,0,
22754c3e,0,
55727ca8,0,
c5cd6139,0,
e03bbac8,0,
973c8a5e,0,
90514e47,0,
eee032fa,0,
99e7026c,0,
f9208b89,0,
8e27bb1f,0,
f7fb03bb,0,
7eb89746,0,
90b6f66a,0,
e0dc02e5,0,
89adc72b,0,
feaaf7bd,0,
60ce621e,0,
17c95288,0,
f9c733a4,0,
69782e35,0,
1e7f1ea3,0,
b32e0bcb,0,
5d206ae7,0,
2a275a71,0,
5a4daefe,0,
2d4a9e68,0,
aa353a8a,0,
333c6b30,0,
da5fce05,0,
81186949,0,
181138f3,0,
8675ad50,0,
8fc3e17b,0,
98035808,0,
ef04689e,0,
010a09b2,0,
e869ac87,0,
7160fd3d,0,
0667cdab,0,
96d8d03a,0,
d742cecf,0,
a045fe59,0,
394cafe3,0,
4e4b9f75,0,
a7283a40,0,
ae9e766b,0,
b95ecf18,0,
20579ea2,0,
5750ae34,0,
c9343b97,0,
be330b01,0,
273a5abb,0,
503d6a2d,0,
c08277bc,0,
b785472a,0,
92739cdb,0,
0b7acd61,0,
7c7dfdf7,0,
951e58c2,0,
0c170978,0,
ebaf247f,0,
fb025915,0,
150c3839,0,
620b08af,0,
85b325a8,0,
7bf781c3,0,
e2fed079,0,
7c9a45da,0,
0b9d754c,0,
929424f6,0,
022b3967,0,
62ecb082,0,
6581749b,0,
1286440d,0,
6c3738b0,0,
1b300826,0,
c5eb516a,0,
5ce200d0,0,
2be53046,0,
c2869573,0,
2c88f45f,0,
bc37e9ce,0,
dcf0602b,0,
45f93191,0,
32fe0107,0,
ac9a94a4,0,
db9da432,0,
4294f588,0,
3593c51e,0,
a52cd88f,0,
d22be819,0,
80da037e,0,
19d352c4,0,
87b7c767,0,
f0b0f7f1,0,
f906bbda,0,
77cf5313,0,
e9abc6b0,0,
971aba0d,0,
e01d8a9b,0,
d680a4f8,0,
d1ed60e1,0,
af5c1c5c,0,
2195f495,0,
c8f651a0,0,
bff16136,0,
51ff001a,0,
b6472d1d,0,
e4b6c67a,0,
93b1f6ec,0,
7dbf97c0,0,
9d6a7ede,0,
fdadf73b,0,
8aaac7ad,0,
64a4a681,0,
8dc703b4,0,
14ce520e,0,
7a35ebf4,0,
0d32db62,0,
943b8ad8,0,
7d582fed,0,
0a5f1f7b,0,
74ee63c6,0,
632edab5,0,
1429ea23,0,
8d20bb99,0,
64431eac,0,
13442e3a,0,
6df55287,0,
1af26211,0,
b0aadfa5,0,
c7adef33,0,
5ea4be89,0,
59c97a90,0,
2ece4a06,0,
be715797,0,
deb6de72,0,
30b8bf5e,0,
40d24bd1,0,
37d57b47,0,
829cbd27,0,
f59b8db1,0,
6c92dc0b,0,
1b95ec9d,0,
f2f649a8,0,
6bff1812,0,
1cf82884,0,
fb400583,0,
9b878c66,0,
7589ed4a,0,
ebed78e9,0,
05e319c5,0,
d4c61aa1,0,
3ac87b8d,0,
d3abdeb8,0,
a4acee2e,0,
4aa28f02,0,
ad1aa205,0,
cddd2be0,0,
bdb7df6f,0,
b4019344,0,
7ff92999,0,
7894ed80,0,
e82bf011,0,
88ec79f4,0,
11e5284e,0,
66e218d8,0,
f8868d7b,0,
f130c150,0,
8637f1c6,0,
787355ad,0,
0f74653b,0,
7f1e91b4,0,
9110f098,0,
76a8dd9f,0,
01afed09,0,
8f6605c0,0,
6605a0f5,0,
11029063,0,
880bc1d9,0,
18b4dc48,0,
b168b592,0,
5f66d4be,0,
2861e428,0,
b605718b,0,
c102411d,0,
580b10a7,0,
2f0c2031,0,
bfb33da0,0,
467de5ff,0,
d819705c,0,
36171170,0,
d1af3c77,0,
1a5786aa,0,
6a3d7225,0,
8d855f22,0,
744b877d,0,
042173f2,0,
949e6e63,0,
e3995ef5,0,
4c0d212c,0,
d269b48f,0,
4b60e535,0,
dbdff8a4,0,
acd8c832,0,
5516106d,0,
bc75b558,0,
257ce4e2,0,
527bd474,0,
c2c4c9e5,0,
093c7338,0,
7e3b43ae,0,
e05fd60d,0,
9758e69b,0,
0e51b721,0,
795687b7,0,
fe292355,0,
892e13c3,0,
10274279,0,
f944e74c,0,
8e43d7da,0,
174a8660,0,
604db6f6,0,
f0f2ab67,0,
90d29aaf,0,
776ab7a8,0,
006d873e,0,
60aa0edb,0,
17ad3e4d,0,
67c7cac2,0,
10c0fa54,0,
89c9abee,0,
fece9b78,0,
1976b67f,0,
5357579a,0,
b4ef7a9d,0,
a44207f7,0,
d3453761,0,
adf44bdc,0,
daf37b4a,0,
8802902d,0,
ff05a0bb,0,
660cf101,0,
f86864a2,0,
86d9181f,0,
f1de2889,0,
7f17c040,0,
0810f0d6,0,
0f7d34cf,0,
e8c519c8,0,
d935f3b2,0,
ae32c324,0,
373b929e,0,
d083bf99,0,
a7848f0f,0,
b044367c,0,
5e4a5750,0,
59279349,0,
c9988ed8,0,
be9fbe4e,0,
ec6e5529,0,
02603405,0,
9c04a1a6,0,
f5756468,0,
827254fe,0,
6b11f1cb,0,
72ed78a7,0,
05ea4831,0,
ebe4291d,0,
02878c28,0,
1b9cbd69,0,
8295ecd3,0,
f592dc45,0,
652dc1d4,0,
bbf69898,0,
ccf1a80e,0,
55f8f9b4,0,
22ffc922,0,
bc9b5c81,0,
cb9c6c17,0,
25920d3b,0,
a2eda9d9,0,
a5806dc0,0,
d2875d56,0,
4b8e0cec,0,
3c893c7a,0,
ac3621eb,0,
db31117d,0,
67ce9b36,0,
8ead3e03,0,
871b7228,0,
e7dcfbcd,0,
7ed5aa77,0,
09d29ae1,0,
97b60f42,0,
e0b13fd4,0,
0ebf5ef8,0,
9e004369,0,
df9a5d9c,0,
31943cb0,0,
46930c26,0,
aff0a913,0,
41fec83f,0,
a646e538,0,
c6816cdd,0,
c1eca8c4,0,
b6eb9852,0,
2fe2c9e8,0,
58e5f97e,0,
c85ae4ef,0,
edac3f1e,0,
9aab0f88,0,
03a25e32,0,
74a56ea4,0,
eac1fb07,0,
9dc6cb91,0,
e377b72c,0,
1ab96f73,0,
1dd4ab6a,0,
04282206,0,
9d2173bc,0,
0345e61f,0,
9a4cb7a5,0,
7df49aa2,0,
0af3aa34,0,
6a3423d1,0,
6d59e7c8,0,
835786e4,0,
f450b672,0,
64efabe3,0,
13e89b75,0,
d1953c6f,0,
3f9b5d43,0,
a1ffc8e0,0,
d6f8f876,0,
38f6995a,0,
c88e0d2e,0,
51875c94,0,
26806c02,0,
56ea988d,0,
21eda81b,0,
b152b58a,0,
c655851c,0,
94a46e7b,0,
e3a35eed,0,
7aaa0f57,0,
0dad3fc1,0,
7dc7cb4e,0,
0ac0fbd8,0,
9a7fe649,0,
ed78d6df,0,
63b13e16,0,
14b60e80,0,
8ad29b23,0,
fdd5abb5,0,
13dbca99,0,
b5f9f96b,0,
c5930de4,0,
b2943d72,0,
2b9d6cc8,0,
5c9a5c5e,0,
bb227159,0,
dc883ca5,0,
45816d1f,0,
f0c8ab7f,0,
f7a56f66,0,
19ab0e4a,0,
6eac3edc,0,
891413db,0,
e9d39a3e,0,
07ddfb12,0,
70dacb84,0,
77b70f9d,0,
e708120c,0,
900f229a,0,
6e4b86f1,0,
194cb667,0,
1e21727e,0,
60900ec3,0,
7750b7b0,0,
00578726,0,
995ed69c,0,
9e331285,0,
e9342213,0,
0e8c0f14,0,
a75066ce,0,
d0575658,0,
3e593774,0,
be4b578f,0,
504536a3,0,
ce21a300,0,
5728f2ba,0,
202fc22c,0,
b090dfbd,0,
9566044c,0,
e26134da,0,
0c6f55f6,0,
fb7a059b,0,
62735421,0,
157464b7,0,
fc17c182,0,
651e9038,0,
c33ca3ca,0,
b43b935c,0,
2d32c2e6,0,
b3565745,0,
5d583669,0,
bae01b6e,0,
3429f3a7,0,
334437be,0,
44430728,0,
a3fb2a2f,0,
816035c7,0,
6f6e54eb,0,
ffd1497a,0,
88d679ec,0,
9f16c09f,0,
7118a1b3,0,
ef7c3410,0,
e6ca783b,0,
91cd48ad,0,
6f89ecc6,0,
f680bd7c,0,
68e428df,0,
86ea49f3,0,
f1ed7965,0,
615264f4,0,
16555462,0,
7692dd87,0,
ef9b8c3d,0,
71ff199e,0,
06f82908,0,
9ff178b2,0,
e8f64824,0,
0f4e6523,0,
d211e801,0,
4b18b9bb,0,
d57c2c18,0,
3b724d34,0,
dcca6033,0,
cb0ad940,0,
520388fa,0,
2504b86c,0,
bb602dcf,0,
cc671d59,0,
556e4ce3,0,
c5d15172,0,
9720ba15,0,
792edb39,0,
0e29ebaf,0,
8e3b8b54,0,
f93cbbc2,0,
6035ea78,0,
1732daee,0,
89564f4d,0,
fe517fdb,0,
105f1ef7,0,
80e00366,0,
f7e733f0,0,
2f747cbf,0,
cfa195a1,0,
b8a6a537,0,
d8612cd2,0,
366f4dfe,0,
df0ce8cb,0,
4605b971,0,
d6baa4e0,0,
844b4f87,0,
1d421e3d,0,
f421bb08,0,
83268b9e,0,
1a2fda24,0,
6d28eab2,0,
fd97f723,0,
8a90c7b5,0,
ea574e50,0,
9d507ec6,0,
04592f7c,0,
735e1fea,0,
0334eb65,0,
e48cc662,0,
83c133b3,0,
f4c60325,0,
6aa29686,0,
84acf7aa,0,
f3abc73c,0,
74d463de,0,
03d35348,0,
9ada02f2,0,
eddd3264,0,
73b9a7c7,0,
9db7c6eb,0,
0d08db7a,0,
d3d38236,0,
4adad38c,0,
a3b976b9,0,
d4be462f,0,
aa0f3a92,0,
bdcf83e1,0,
cac8b377,0,
53c1e2cd,0,
baa247f8,0,
cda5776e,0,
54ac26d4,0,
23ab1642,0,
78ecb10e,0,
e68824ad,0,
08864581,0,
ef3e6886,0,
8ff9e163,0,
f8fed1f5,0,
61f7804f,0,
16f0b0d9,0,
8894257a,0,
ff9315ec,0,
669a4456,0,
81226951,0,
b7bf4732,0,
2eb61688,0,
d9a346e5,0,
37ad27c9,0,
40aa175f,0,
a07ffe41,0,
1c80740a,0,
f5e3d13f,0,
1bedb013,0,
6cea8085,0,
8b52ad82,0,
eb952467,0,
9c9214f1,0,
059b454b,0,
f269ad0b,0,
62d6b09a,0,
727bcdf0,0,
7bcd81db,0,
0ccab14d,0,
d69c94b3,0,
3892f59f,0,
48f80110,0,
af402c17,0,
cf87a5f2,0,
bfed517d,0,
51e33051,0,
b65b1d56,0,
c15c2dc0,0,
7da3a78b,0,
7ace6392,0,
9d764e95,0,
ea717e03,0,
8ab6f7e6,0,
fdb1c770,0,
64b896ca,0,
13bfa65c,0,
63d552d3,0,
846d7fd4,0,
c5f76121,0,
c29aa538,0,
b59d95ae,0,
2c94c414,0,
bc2bd985,0,
abeb60f6,0,
db819479,0,
358ff555,0,
4288c5c3,0,
d237d852,0,
a530e8c4,0,
19cf628f,0,
6ec85219,0,
87abf72c,0,
1ea2a696,0,
69a59600,0,
eeda32e2,0,
00d453ce,0,
77d36358,0,
e9b7f6fb,0,
9eb0c66d,0,
70bea741,0,
97068a46,0,
f04b7f97,0,
6e2fea34,0,
1928daa2,0,
109e9689,0,
075e2ffa,0,
9e577e40,0,
0033ebe3,0,
ee3d8acf,0,
7e82975e,0,
0985a7c8,0,
39509fa8,0,
d0333a9d,0,
493a6b27,0,
3e3d5bb1,0,
ae824620,0,
ce45cfc5,0,
574c9e7f,0,
50215a66,0,
27266af0,0,
c09e47f7,0,
0b66fd2a,0,
95026889,0,
e205581f,0,
0c0b3933,0,
8c1959c8,0,
15100872,0,
85af15e3,0,
b3323b80,0,
2a3b6a3a,0,
bde9b3b2,0,
44276bed,0,
da43fe4e,0,
434aaff4,0,
d3f5b265,0,
f6036994,0,
81045902,0,
180d08b8,0,
f8d8e1a6,0,
ef1858d5,0,
e8759ccc,0,
9f72ac5a,0,
717ccd76,0,
1f87748c,0,
18eab095,0,
f6e4d1b9,0,
665bcc28,0,
115cfcbe,0,
e89224e1,0,
01f181d4,0,
98f8d06e,0,
0847cdff,0,
d51840dd,0,
a572b452,0,
4b7cd57e,0,
3c7be5e8,0,
acc4f879,0,
dbc3c8ef,0,
550a2026,0,
bc698513,0,
09204373,0,
e043e646,0,
794ab7fc,0,
9ef29afb,0,
e9f5aa6d,0,
89322388,0,
8e5fe791,0,
f958d707,0,
605186bd,0,
1756b62b,0,
c673b54f,0,
c11e7156,0,
b61941c0,0,
581720ec,0,
c8a83d7d,0,
bfaf0deb,0,
df68840e,0,
a86fb498,0,
af027081,0,
1a4bb6e1,0,
6d4c8677,0,
842f2342,0,
6a21426e,0,
8d996f69,0,
ed5ee68c,0,
9a59d61a,0,
733a732f,0,
e3856ebe,0,
1dc1cad5,0,
f3cfabf9,0,
6dab3e5a,0,
641d7271,0,
73ddcb02,0,
9dd3aa2e,0,
ead49ab8,0,
74b00f1b,0,
03b73f8d,0,
9abe6e37,0,
edb95ea1,0,
7d064330,0,
a3dd1a7c,0,
4dd37b50,0,
3ad44bc6,0,
d3b7eef3,0,
4abebf49,0,
3db98fdf,0,
ad06924e,0,
da01a2d8,0,
bac62b3d,0,
cdc11bab,0,
54c84a11,0,
bdabef24,0,
c31a9399,0,
7fe519d2,0,
e1818c71,0,
66fe2893,0,
8f9d8da6,0,
1694dc1c,0,
b0b6efee,0,
29bfbe54,0,
2ed27a4d,0,
c96a574a,0,
be6d67dc,0,
a9addeaf,0,
30a48f15,0,
d9c72a20,0,
aec01ab6,0,
37c94b0c,0,
d071660b,0,
a776569d,0,
f587bdfa,0,
6c8eec40,0,
85ed4975,0,
1ce418cf,0,
fb5c35c8,0,
ec9c8cbb,0,
9b9bbc2d,0,
0292ed97,0,
7595dd01,0,
72f81918,0,
e2470489,0,
850af158,0,
65df1846,0,
721fa135,0,
9c11c019,0,
eb16f08f,0,
9b7c0400,0,
7cc42907,0,
0bc31991,0,
df866dd7,0,
31880cfb,0,
afec9958,0,
d8eba9ce,0,
36e5c8e2,0,
d15de5e5,0,
c69d5c96,0,
5f940d2c,0,
b6f7a819,0,
c1f0988f,0,
58f9c935,0,
edb00f55,0,
74b95eef,0,
03be6e79,0,
9ddafbda,0,
73d49af6,0,
946cb7f1,0,
1aa55f38,0,
1dc89b21,0,
8d7786b0,0,
22e3f969,0,
55e4c9ff,0,
cb805c5c,0,
52890de6,0,
b53120e1,0,
a2f19992,0,
d29b6d1d,0,
a59c5d8b,0,
4b923ca7,0,
ac2a11a0,0,
fedbfac7,0,
10d59beb,0,
67d2ab7d,0,
8eb10e48,0,
17b85ff2,0,
f00072f5,0,
87074263,0,
79a45e25,0,
9e1c7322,0,
8e56b665,0,
f95186f3,0,
67351350,0,
103223c6,0,
fe3c42ea,0,
19846fed,0,
7943e608,0,
0e44d69e,0,
e04ab7b2,0,
09291287,0,
e72773ab,0,
009f5eac,0,
a9433776,0,
de4407e0,0,
474d565a,0,
ae2ef36f,0,
d929c3f9,0,
40209243,0,
3727a2d5,0,
a798bf44,0,
d09f8fd2,0,
c75f36a1,0,
be838e05,0,
c984be93,0,
ec726562,0,
027c044e,0,
9c1891ed,0,
0511c057,0,
95aeddc6,0,
f5695423,0,
f204903a,0,
6b0dc180,0,
1c0af116,0,
8cb5ec87,0,
cd2ff272,0,
ba28c2e4,0,
5426a3c8,0,
bd4506fd,0,
244c5747,0,
534b67d1,0,
c3f47a40,0,
d434c333,0,
4d3d9289,0,
a45e37bc,0,
3d576606,0,
4a505690,0,
daef4b01,0,
617d0553,0,
91059127,0,
080cc09d,0,
7f0bf00b,0,
e16f65a8,0,
78663412,0,
8f94dc52,0,
f893ecc4,0,
11f049f1,0,
fffe28dd,0,
6f41354c,0,
0f86bca9,0,
e188dd85,0,
7fec4826,0,
91e2290a,0,
015d349b,0,
1e2e6b9c,0,
f0200ab0,0,
1943af85,0,
f74dcea9,0,
67f2d338,0,
70326a4b,0,
e93b3bf1,0,
9e3c0b67,0,
00589ec4,0,
775fae52,0,
ee56ffe8,0,
9951cf7e,0,
7ee9e279,0,
2b75cd07,0,
b27c9cbd,0,
55c4b1ba,0,
3503385f,0,
420408c9,0,
db0d5973,0,
ab67adfc,0,
0d459e0e,0,
039e163c,0,
63599fd9,0,
145eaf4f,0,
8d57fef5,0,
fa50ce63,0,
64345bc0,0,
8a3a3aec,0,
6d8217eb,0,
4874cc1a,0,
a67aad36,0,
d17d9da0,0,
d61059b9,0,
31a874be,0,
2668cdcd,0,
bf619c77,0,
c866ace1,0,
210509d4,0,
b80c586e,0,
cf0b68f8,0,
a1f0d102,0,
38f980b8,0,
4ffeb02e,0,
d19a258d,0,
48937437,0,
cfecd0d5,0,
c88114cc,0,
bf86245a,0,
c13758e7,0,
86e55011,0,
6f86f524,0,
f68fa49e,0,
81889408,0,
6630b90f,0,
9ffe6150,0,
769dc465,0,
ef9495df,0,
9893a549,0,
082cb8d8,0,
5add53bf,0,
b4d33293,0,
5db097a6,0,
c4b9c61c,0,
b3bef68a,0,
dacf3344,0,
adc803d2,0,
e2899515,0,
0bea3020,0,
92e3619a,0,
e5e4510c,0,
025c7c0b,0,
629bf5ee,0,
159cc578,0,
65f631f7,0,
fcff604d,0,
49b6a62d,0,
3eb196bb,0,
a0d50318,0,
d7d2338e,0,
476d2e1f,0,
27aaa7fa,0,
bea3f640,0,
c9a4c6d6,0,
29712fc8,0,
d7358ba3,0,
a032bb35,0,
393bea8f,0,
4e3cda19,0,
49511e00,0,
aee93307,0,
b9298a74,0,
c9437efb,0,
c0f532d0,0,
b7f20246,0,
6aad8f64,0,
f3a4dede,0,
84a3ee48,0,
1ac77beb,0,
6dc04b7d,0,
f4c91ac7,0,
83ce2a51,0,
137137c0,0,
73b6be25,0,
9db8df09,0,
edd22b86,0,
0a6a0681,0,
589bede6,0,
5ff629ff,0,
21475542,0,
564065d4,0,
4180dca7,0,
46ed18be,0,
dfe44904,0,
a8e37992,0,
385c6403,0,
0ec14a60,0,
e0cf2b4c,0,
90a5dfc3,0,
771df2c4,0,
60dd4bb7,0,
17da7b21,0,
67b08fae,0,
10b7bf38,0,
a5fe7958,0,
a293bd41,0,
452b9046,0,
52eb2935,0,
cc8fbc96,0,
5c30a107,0,
2b379191,0,
d57335fa,0,
a274056c,0,
3b7d54d6,0,
4b17a059,0,
dba8bdc8,0,
cb05c0a2,0,
bc02f034,0,
520c9118,0,
c2b38c89,0,
f266b4e9,0,
1b0511dc,0,
6c02214a,0,
f50b70f0,0,
12b35df7,0,
65b46d61,0,
7274d412,0,
eb7d85a8,0,
021e209d,0,
7519100b,0,
7caf5c20,0,
2e5eb747,0,
c050d66b,0,
c73d1272,0,
de262333,0,
a92113a5,0,
4e993ea2,0,
780410c1,0,
0f032057,0,
960a71ed,0,
086ee44e,0,
16181116,0,
f816703a,0,
6672e599,0,
1175d50f,0,
887c84b5,0,
ff7bb423,0,
4a327243,0,
3d3542d5,0,
d33b23f9,0,
3a5886cc,0,
53294302,0,
242e7394,0,
ca2012b8,0,
2343b78d,0,
ba4ae637,0,
5df2cb30,0,
3abf3ee1,0,
4db80e77,0,
d3dc9bd4,0,
a4dbab42,0,
3dd2faf8,0,
4ad5ca6e,0,
da6ad7ff,0,
ad6de769,0,
cdaa6e8c,0,
23a40fa0,0,
54a33f36,0,
cac7aa95,0,
53cefb2f,0,
1927c340,0,
6e20f3d6,0,
f729a26c,0,
1e4a0759,0,
874356e3,0,
17fc4b72,0,
003cf201,0,
773bc297,0,
ee32932d,0,
9935a3bb,0,
7056068e,0,
e95f5734,0,
9e5867a2,0,
2b11a1c2,0,
5b7b554d,0,
b5753461,0,
25ca29f0,0,
320a9083,0,
450da015,0,
ab03c139,0,
3567549a,0,
db6935b6,0,
4bd62827,0,
7d4b0644,0,
93456768,0,
e44257fe,0,
0d21f2cb,0,
e32f93e7,0,
64503705,0,
13570793,0,
fa34a2a6,0,
1d8c8fa1,0,
387a5450,0,
d674357c,0,
a61ec1f3,0,
d119f165,0,
36a1dc62,0,
21616511,0,
b86834ab,0,
cf6f043d,0,
d1fe4948,0,
a6f979de,0,
3ff02864,0,
48f718f2,0,
d6938d51,0,
df25c17a,0,
a822f1ec,0,
2186dd3c,0,
5681edaa,0,
c63ef03b,0,
f6ebc85b,0,
1f886d6e,0,
688f5df8,0,
613911d3,0,
01fe9836,0,
76f9a8a0,0,
eff0f91a,0,
98f7c98c,0,
9f9a0d95,0,
2ad3cbf5,0,
5dd4fb63,0,
b3da9a4f,0,
5ab93f7a,0,
c3b06ec0,0,
240843c7,0,
530f7351,0,
33c8fab4,0,
aac1ab0e,0,
34a53ead,0,
adac6f17,0,
4a144210,0,
0b8e5ce5,0,
e5803dc9,0,
95eac946,0,
e2edf9d0,0,
7252e441,0,
0555d4d7,0,
12956da4,0,
8b9c3c1e,0,
62ff992b,0,
15f8a9bd,0,
8cf1f807,0,
1c4ee596,0,
4ebf0ef1,0,
39b83e67,0,
d7b65f4b,0,
49d2cae8,0,
d0db9b52,0,
3763b655,0,
27cecb3f,0,
d03c237f,0,
3e324253,0,
a056d7f0,0,
395f864a,0,
c927123e,0,
be2022a8,0,
502e4384,0,
b94de6b1,0,
2044b70b,0,
5743879d,0,
6da427b8,0,
83aa4694,0,
6ac9e3a1,0,
637faf8a,0,
03b8266f,0,
04d5e276,0,
5f92453a,0,
c69b1480,0,
2ff8b1b5,0,
c1f6d099,0,
b6f1e00f,0,
264efd9e,0,
3f55ccdf,0,
7ecfd22a,0,
09c8e2bc,0,
90c1b306,0,
79a21633,0,
0ea526a5,0,
97ac771f,0,
e0ab4789,0,
89da8247,0,
8eb7465e,0,
f9b076c8,0,
690f6b59,0,
1e085bcf,0,
4b9474b1,0,
a59a159d,0,
4222389a,0,
22e5b17f,0,
528f45f0,0,
5b3909db,0,
2c3e394d,0,
a57dadb0,0,
4b73cc9c,0,
d517593f,0,
a21069a9,0,
bc669cf1,0,
256fcd4b,0,
550539c4,0,
6c664d8f,0,
f56f1c35,0,
757d7cce,0,
9b731de2,0,
9c1ed9fb,0,
5e502f0d,0,
b05e4e21,0,
2e3adb82,0,
b7338a38,0,
278c97a9,0,
304c2eda,0,
a9457f60,0,
3721eac3,0,
4026da55,0,
ae28bb79,0,
7f0db81d,0,
080a888b,0,
78607c04,0,
71d6302f,0,
f8721cff,0,
68cd016e,0,
1fca31f8,0,
4d3bda9f,0,
3a3cea09,0,
d4328b25,0,
d35f4f3c,0,
43e052ad,0,
2327db48,0,
ba2e8af2,0,
cd29ba64,0,
534d2fc7,0,
ca447e7d,0,
5afb63ec,0,
2dfc537a,0,
d3b8f711,0,
3db6963d,0,
d4d53308,0,
a3d2039e,0,
3adb5224,0,
4ddc62b2,0,
caa3c650,0,
bda4f6c6,0,
24ada77c,0,
53aa97ea,0,
bac932df,0,
23c06365,0,
c4784e62,0,
09260b65,0,
e7286a49,0,
902f5adf,0,
e045ae50,0,
70fab3c1,0,
550c6830,0,
cc05398a,0,
bb02091c,0,
25669cbf,0,
5bd7e002,0,
3b1069e7,0,
4c175971,0,
d51e08cb,0,
a219385d,0,
a574fc44,0,
42ccd143,0,
7451ff20,0,
0356cfb6,0,
ed58ae9a,0,
733c3b39,0,
043b0baf,0,
ea356a83,0,
7a8a7712,0,
0d8d4784,0,
6d4ace61,0,
1a4dfef7,0,
8344af4d,0,
f32e5bc2,0,
46679da2,0,
410a59bb,0,
360d692d,0,
d8030801,0,
3fbb2506,0,
5f7cace3,0,
287b9c75,0,
b172cdcf,0,
c675fd59,0,
581168fa,0,
2f16586c,0,
d8e4b02c,0,
afe380ba,0,
36ead100,0,
41ede196,0,
a88e44a3,0,
d63f381e,0,
a1380888,0,
c1ff816d,0,
b6f8b1fb,0,
c6924574,0,
b19575e2,0,
5f9b14ce,0,
b82339c9,0,
11ff5013,0,
88f601a9,0,
1692940a,0,
f89cf526,0,
1f24d821,0,
08e46152,0,
788e95dd,0,
9680f4f1,0,
063fe960,0,
caaa97a4,0,
2d12baa3,0,
3ad203d0,0,
d4dc62fc,0,
a3db526a,0,
3dbfc7c9,0,
4ab8f75f,0,
d3b1a6e5,0,
a4b69673,0,
430ebb74,0,
75939517,0,
9b9df43b,0,
72fe510e,0,
9cf03022,0,
6c88a456,0,
1b8f94c0,0,
1ce250d9,0,
85eb0163,0,
62532c64,0,
15541cf2,0,
a9ab96b9,0,
deaca62f,0,
40c8338c,0,
29b9f642,0,
c7b7976e,0,
b7dd63e1,0,
d926da1b,0,
ae21ea8d,0,
3728bb37,0,
a94c2e94,0,
47424fb8,0,
d7fd5229,0,
b73adbcc,0,
c7502f43,0,
b0571fd5,0,
5e597ef9,0,
cee66368,0,
f4fe63b3,0,
8494973c,0,
6a9af610,0,
fa25eb81,0,
74ec0348,0,
03eb33de,0,
9d8fa67d,0,
ea8896eb,0,
7381c751,0,
b1cf31a7,0,
b6a2f5be,0,
c1a5c528,0,
bf14b995,0,
a8d400e6,0,
dfd33070,0,
31dd515c,0,
afb9c4ff,0,
d8bef469,0,
41b7a5d3,0,
a60f88d4,0,
d108b842,0,
7e9cc79b,0,
e0f85238,0,
97ff62ae,0,
79f10382,0,
e94e1e13,0,
9e492e85,0,
898997f6,0,
1080c64c,0,
f0552f52,0,
d5a3f4a3,0,
a2a4c435,0,
3bad958f,0,
a5c9002c,0,
ccb8c5e2,0,
22b6a4ce,0,
cbd501fb,0,
52dc5041,0,
c2634dd0,0,
b5647d46,0,
4b20d92d,0,
3c27e9bb,0,
a52eb801,0,
4c4d1d34,0,
3b4a2da2,0,
cb32b9d6,0,
22511ce3,0,
cc5f7dcf,0,
823b3912,0,
f53c0984,0,
6c35583e,0,
8556fd0b,0,
1c5facb1,0,
752e697f,0,
022959e9,0,
7243ad66,0,
e2fcb0f7,0,
c70a6b06,0,
29040a2a,0,
b7609f89,0,
c067af1f,0,
a9166ad1,0,
301f3b6b,0,
d97c9e5e,0,
08599d3a,0,
7f5eadac,0,
963d0899,0,
0f345923,0,
783369b5,0,
9f8b44b2,0,
66459ced,0,
f821094e,0,
8f2639d8,0,
162f6862,0,
612858f4,0,
d4619e94,0,
4d68cf2e,0,
a40b6a1b,0,
3d023ba1,0,
4a050b37,0,
daba16a6,0,
ba7d9f43,0,
5473fe6f,0,
ca176bcc,0,
24190ae0,0,
b4a61771,0,
3de5838c,0,
d3ebe2a0,0,
4d8f7703,0,
a381162f,0,
44393b28,0,
333e0bbe,0,
53f9825b,0,
bdf7e377,0,
caf0d3e1,0,
239376d4,0,
cd9d17f8,0,
807d874b,0,
f77ab7dd,0,
6e73e667,0,
87104352,0,
691e227e,0,
1e1912e8,0,
9966b60a,0,
ee61869c,0,
7768d726,0,
006fe7b0,0,
9e0b7213,0,
e90c4285,0,
7005133f,0,
97bd3e38,0,
e0ba0eae,0,
5c4584e5,0,
b52621d0,0,
bc906dfb,0,
cb975d6d,0,
ab50d488,0,
dc57e41e,0,
455eb5a4,0,
ac3d1091,0,
db3a2007,0,
e411424f,0,
7d1813f5,0,
e37c8656,0,
7a75d7ec,0,
9dcdfaeb,0,
fd0a730e,0,
640322b4,0,
fa67b717,0,
636ee6ad,0,
84d6cbaa,0,
d62720cd,0,
d14ae4d4,0,
a64dd442,0,
3f4485f8,0,
d8fca8ff,0,
cf3c118c,0,
b83b211a,0,
56354036,0,
265fb4b9,0,
c1e799be,0,
b6e0a928,0,
a6aa6c6f,0,
4fc9c95a,0,
d6c098e0,0,
467f8571,0,
51bf3c02,0,
c8b66db8,0,
56d2f81b,0,
21d5c88d,0,
b8dc9937,0,
cfdba9a1,0,
5f64b430,0,
f6b8ddea,0,
18b6bcc6,0,
86d22965,0,
f1d519f3,0,
68dc4849,0,
1fdb78df,0,
8f64654e,0,
f86355d8,0,
efa3ecab,0,
76aabd11,0,
9fc91824,0,
e8ce28b2,0,
71c77908,0,
06c0499e,0,
967f540f,0,
e1786499,0,
b3898ffe,0,
c48ebf68,0,
2a80de44,0,
b4e44be7,0,
bd5207cc,0,
ca55375a,0,
aa92bebf,0,
449cdf93,0,
daf84a30,0,
34f62b1c,0,
0bdd4954,0,
95b9dcf7,0,
eb08a04a,0,
9c0f90dc,0,
fcc81939,0,
8bcf29af,0,
fba5dd20,0,
62ac8c9a,0,
f213910b,0,
a0e27a6c,0,
4eec1b40,0,
d0888ee3,0,
3e86efcf,0,
4981df59,0,
ae39f25e,0,
b9f94b2d,0,
20f01a97,0,
279dde8e,0,
49666774,0,
4e0ba36d,0,
47bdef46,0,
507d5635,0,
c974078f,0,
ce19c396,0,
84f0fbf9,0,
1df9aa43,0,
839d3fe0,0,
f49a0f76,0,
6d935ecc,0,
8a2b73cb,0,
fd2c435d,0,
9debcab8,0,
74886f8d,0,
9330428a,0,
e437721c,0,
b6c6997b,0,
58c8f857,0,
2fcfc8c1,0,
c6ac6df4,0,
5fa53c4e,0,
41d3c916,0,
36d4f980,0,
dfb75cb5,0,
46be0d0f,0,
e09c3efd,0,
0e925fd1,0,
79956f47,0,
90f6ca72,0,
09ff9bc8,0,
f9870fbc,0,
8e803f2a,0,
608e5e06,0,
67e39a1f,0,
f75c878e,0,
805bb718,0,
3ca43d53,0,
4ba30dc5,0,
a2c0a8f0,0,
4ccec9dc,0,
ab76e4db,0,
cbb16d3e,0,
22d2c80b,0,
55d5f89d,0,
c56ae50c,0,
b26dd59a,0,
3b2e4167,0,
4b44b5e8,0,
3c43857e,0,
a54ad4c4,0,
d24de452,0,
42f2f9c3,0,
553240b0,0,
bb3c219c,0,
cc3b110a,0,
bc51e585,0,
cb56d513,0,
853291ce,0,
6b3cf0e2,0,
1c3bc074,0,
825f55d7,0,
f5586541,0,
1b56046d,0,
8be919fc,0,
fcee296a,0,
7227c1a3,0,
0520f135,0,
754a05ba,0,
024d352c,0,
c003c3da,0,
590a9260,0,
296066ef,0,
b9df7b7e,0,
ced84be8,0,
4011a321,0,
371693b7,0,
a9720614,0,
de753682,0,
477c6738,0,
d7c37aa9,0,
e15e54ca,0,
9659645c,0,
0f5035e6,0,
e63390d3,0,
9134a045,0,
7f3ac169,0,
ef85dcf8,0,
9882ec6e,0,
f845658b,0,
614c3431,0,
ff28a192,0,
1126c0be,0,
a46f06de,0,
3d665764,0,
4a6167f2,0,
ddb3be7a,0,
247d6625,0,
ba19f386,0,
2310a23c,0,
c4a88f3b,0,
a488bef3,0,
3437a362,0,
54f02a87,0,
cdf97b3d,0,
539dee9e,0,
2d2c9223,0,
697a4ebb,0,
1e7d7e2d,0,
8019eb8e,0,
1910ba34,0,
89afa7a5,0,
fea89733,0,
e9682e40,0,
07664f6c,0,
770cbbe3,0,
000b8b75,0,
5b4c2c39,0,
cc9ef5b1,0,
35502dee,0,
453ad961,0,
a282f466,0,
d585c4f0,0,
e318ea93,0,
941fda05,0,
7a11bb29,0,
e4752e8a,0,
93721e1c,0,
0a7b4fa6,0,
edc362a1,0,
fa03dbd2,0,
8d04eb44,0,
140dbafe,0,
630a8a68,0,
fd6e1fcb,0,
8a692f5d,0,
83df6376,0,
d12e8811,0,
3f20e93d,0,
d6434c08,0,
a1447c9e,0,
4f4a1db2,0,
a8f230b5,0,
c835b950,0,
bf3289c6,0,
263bd87c,0,
513ce8ea,0,
b85f4ddf,0,
21561c65,0,
56512cf3,0,
4fada59f,0,
38aa9509,0,
a1a3c4b3,0,
56b694de,0,
b8b8f5f2,0,
51db50c7,0,
c8d2017d,0,
2f6a2c7a,0,
86b645a0,0,
f1b17536,0,
68b8248c,0,
81db81b9,0,
6fd5e095,0,
18d2d003,0,
9fad74e1,0,
e8aa4477,0,
efc7806e,0,
76ced1d4,0,
e671cc45,0,
b4802722,0,
c38717b4,0,
2d897698,0,
c4ead3ad,0,
ba5baf10,0,
cd5c9f86,0,
da9c26f5,0,
349247d9,0,
aaf6d27a,0,
a3409e51,0,
d447aec7,0,
e5b744bd,0,
92b0742b,0,
0bb92591,0,
7cbe1507,0,
9b063800,0,
8cc68173,0,
15cfd0c9,0,
62c8e05f,0,
fcac75fc,0,
12a214d0,0,
65a52446,0,
f51a39d7,0,
821d0941,0,
d0ece226,0,
a7ebd2b0,0,
49e5b39c,0,
50fe82dd,0,
ce9a177e,0,
b99d27e8,0,
579346c4,0,
b02b6bc3,0,
4e6fcfa8,0,
a061ae84,0,
3e053b27,0,
a70c6a9d,0,
d00b5a0b,0,
37b3770c,0,
2073ce7f,0,
b97a9fc5,0,
50193af0,0,
271e0a66,0,
faed320b,0,
14e35327,0,
fd80f612,0,
6489a7a8,0,
138e973e,0,
f436ba39,0,
94f133dc,0,
e3f6034a,0,
7aff52f0,0,
939cf7c5,0,
7d9296e9,0,
0a95a67f,0,
9a2abbee,0,
ed2d8b78,0,
51d20133,0,
26d531a5,0,
cfb69490,0,
56bfc52a,0,
a6c7515e,0,
48c93072,0,
3fce00e4,0,
38a3c4fd,0,
a81cd96c,0,
df1be9fa,0,
0788a6b5,0,
eeeb0380,0,
00e562ac,0,
77e2523a,0,
905a7f3d,0,
f09df6d8,0,
879ac64e,0,
1e9397f4,0,
6994a762,0,
acb7958d,0,
35bec437,0,
abda5194,0,
d56b2d29,0,
a26c1dbf,0,
b5aca4cc,0,
2ca5f576,0,
5ba2c5e0,0,
c5c65043,0,
b2c160d5,0,
5ccf01f9,0,
bb772cfe,0,
45338895,0,
3234b803,0,
ab3de9b9,0,
dc3ad92f,0,
425e4c8c,0,
35597c1a,0,
db571d36,0,
5c28b9d4,0,
5b457dcd,0,
c24c2c77,0,
52f331e6,0,
25f40170,0,
8c2868aa,0,
fb2f583c,0,
15213910,0,
8b45acb3,0,
fc429c25,0,
654bcd9f,0,
124cfd09,0,
f5f4d00e,0,
953359eb,0,
0c3a0851,0,
925e9df2,0,
be1e0a28,0,
50106b04,0,
27175b92,0,
ce74fea7,0,
b0c5821a,0,
c7c2b28c,0,
d0020bff,0,
3961aeca,0,
ded983cd,0,
e844adae,0,
9f439d38,0,
714dfc14,0,
ef2969b7,0,
9198150a,0,
f15f9cef,0,
f63258f6,0,
81356860,0,
ff8414dd,0,
ad75ffba,0,
aa183ba3,0,
33116a19,0,
a3ae7788,0,
5a60afd7,0,
c4043a74,0,
2a0a5b58,0,
349b162d,0,
da957701,0,
4a2a6a90,0,
2aede375,0,
c4e38259,0,
5a8717fa,0,
c38e4640,0,
24366b47,0,
3b453440,0,
d54b556c,0,
a24c65fa,0,
3c28f059,0,
4b2fc0cf,0,
d2269175,0,
42998ce4,0,
225e0501,0,
cc50642d,0,
bb5754bb,0,
2533c118,0,
2c858d33,0,
5b82bda5,0,
e77d37ee,0,
907a0778,0,
0e1e92db,0,
e010f3f7,0,
9717c361,0,
70afee66,0,
10686783,0,
676f5715,0,
89613639,0,
1705a39a,0,
1eb3efb1,0,
c620a0fe,0,
2f4305cb,0,
b64a5471,0,
4632c005,0,
3135f093,0,
a83ca129,0,
df3b91bf,0,
3658348a,0,
af516530,0,
d85655a6,0,
f416c27c,0,
847c36f3,0,
f37b0665,0,
63c41bf4,0,
14c32b62,0,
7404a287,0,
9a0ac3ab,0,
ed0df33d,0,
7369669e,0,
9d6707b2,0,
ea603724,0,
1d92df64,0,
1aff1b7d,0,
6df82beb,0,
8a4006ec,0,
9d80bf9f,0,
0489ee25,0,
738edeb3,0,
edea4b10,0,
e45c073b,0,
935b37ad,0,
4d806ee1,0,
d4893f5b,0,
a38e0fcd,0,
3dea9a6e,0,
239c6f36,0,
cd920e1a,0,
caffca03,0,
5a40d792,0,
7fb60c63,0,
e6bf5dd9,0,
78dbc87a,0,
e1d299c0,0,
716d8451,0,
11aa0db4,0,
ffa46c98,0,
88a35c0e,0,
16c7c9ad,0,
61c0f93b,0,
6876b510,0,
29ecabe5,0,
59865f6a,0,
b7883e46,0,
50301341,0,
47f0aa32,0,
379a5ebd,0,
ae930f07,0,
d9943f91,0,
492b2200,0,
3e2c1296,0,
82d398dd,0,
6bb03de8,0,
1cb70d7e,0,
f2b96c52,0,
620671c3,0,
75c6c8b0,0,
eccf990a,0,
7b1d4082,0,
8559e4e9,0,
6b5785c5,0,
f5331066,0,
1b3d714a,0,
054b8412,0,
724cb484,0,
ec282127,0,
4fc6d0b8,0,
d6cf8102,0,
a1c8b194,0,
cfd4b043,0,
c8b9745a,0,
bfbe44cc,0,
580669cb,0,
0af782ac,0,
7df0b23a,0,
e4f9e380,0,
93fed316,0,
7a9d7623,0,
9493170f,0,
042c0a9e,0,
732b3a08,0,
64eb837b,0,
fde2d2c1,0,
fa8f16d8,0,
1d373bdf,0,
6a300b49,0,
5cad252a,0,
2cc7d1a5,0,
b5ce801f,0,
45b6146b,0,
42dbd072,0,
35dce0e4,0,
acd5b15e,0,
4b6d9c59,0,
3c6aaccf,0,
199c773e,0,
80952684,0,
1ef1b327,0,
f0ffd20b,0,
6040cf9a,0,
1747ff0c,0,
0087467f,0,
07ea8266,0,
e9e4e34a,0,
795bfedb,0,
0e5cce4d,0,
f0186a26,0,
1e160b0a,0,
80729ea9,0,
fec3e214,0,
89c4d282,0,
e9035b67,0,
9e046bf1,0,
ee6e9f7e,0,
e7d8d355,0,
39038a19,0,
4e04ba8f,0,
49697e96,0,
a7671fba,0,
2018bb58,0,
ce16da74,0,
27757f41,0,
50724fd7,0,
59c403fc,0,
0b35e89b,0,
7c32d80d,0,
e53b89b7,0,
0c582c82,0,
122ed9da,0,
6529e94c,0,
62442d55,0,
8c4a4c79,0,
1cf551e8,0,
2a687f8b,0,
c4661ea7,0,
b40cea28,0,
c30bdabe,0,
44747e5c,0,
33734eca,0,
341e8ad3,0,
ad17db69,0,
da10ebff,0,
4aaff66e,0,
6f592d9f,0,
863a88aa,0,
f13db83c,0,
76421cde,0,
712fd8c7,0,
0628e851,0,
9f21b9eb,0,
e826897d,0,
789994ec,0,
0f9ea47a,0,
f1da0011,0,
f6b7c408,0,
6fbe95b2,0,
8806b8b5,0,
06cf507c,0,
efacf549,0,
98abc5df,0,
76a5a4f3,0,
e61ab962,0,
911d89f4,0,
3c4c9c9c,0,
d242fdb0,0,
329714ae,0,
2557addd,0,
52509d4b,0,
553d5952,0,
cc3408e8,0,
0e7afe1e,0,
e0749f32,0,
09173a07,0,
7e100a91,0,
77a646ba,0,
8e689ee5,0,
100c0b46,0,
670b3bd0,0,
89055afc,0,
58205998,0,
2f27690e,0,
284aad17,0,
c644cc3b,0,
413b68d9,0,
363c584f,0,
af3509f5,0,
4656acc0,0,
df5ffd7a,0,
4fe0e0eb,0,
38e7d07d,0,
6a163b1a,0,
1d110b8c,0,
6d7bff03,0,
1a7ccf95,0,
83759e2f,0,
f472aeb9,0,
730d0a5b,0,
040a3acd,0,
9d036b77,0,
ea045be1,0,
7460ce42,0,
ed699ff8,0,
0ad1b2ff,0,
6d9c472e,0,
84ffe21b,0,
8d49ae30,0,
ed8e27d5,0,
eae3e3cc,0,
9de4d35a,0,
e355afe7,0,
3d8ef6ab,0,
3ae332b2,0,
d4ed539e,0,
2495c7ea,0,
5392f77c,0,
ca9ba6c6,0,
bd9c9650,0,
23f803f3,0,
cdf662df,0,
2a4e4fd8,0,
5d497f4e,0,
e1b6f505,0,
96b1c593,0,
7fd260a6,0,
e6db311c,0,
91dc018a,0,
16a3a568,0,
61a495fe,0,
8faaf4d2,0,
11ce6171,0,
66c951e7,0,
ffc0005d,0,
88c730cb,0,
18782d5a,0,
b7ec5283,0,
b081969a,0,
5739bb9d,0,
203e8b0b,0,
aef763c2,0,
d9f05354,0,
de9d974d,0,
6bd4512d,0,
650fd91f,0,
1208e989,0,
05c850fa,0,
ebc631d6,0,
75a2a475,0,
9bacc559,0,
7c14e85e,0,
0b13d8c8,0,
6c5e2d19,0,
853d882c,0,
1c34d996,0,
fb8cf491,0,
ec4c4de2,0,
9c26b96d,0,
052fe8d7,0,
3fc848f2,0,
d1c629de,0,
4614f056,0,
26d379b3,0,
21bebdaa,0,
0dfe2a70,0,
7af91ae6,0,
e3f04b5c,0,
0a93ee69,0,
7d94deff,0,
e49d8f45,0,
939abfd3,0,
0325a242,0,
faeb7a1d,0,
8dec4a8b,0,
648fefbe,0,
fd86be04,0,
8a818e92,0,
5ba48df6,0,
b5aaecda,0,
5cc949ef,0,
b2c728c3,0,
c5c01855,0,
557f05c4,0,
35b88c21,0,
acb1dd9b,0,
45d278ae,0,
32d54838,0,
abdc1982,0,
4c643485,0,
3b630413,0,
1e95dfe2,0,
879c8e58,0,
6eff2b6d,0,
80f14a41,0,
67496746,0,
104e57d0,0,
7089de35,0,
9e87bf19,0,
e9808f8f,0,
77e41a2c,0,
8016f26c,0,
191fa3d6,0,
69755759,0,
f9ca4ac8,0,
990dc32d,0,
00049297,0,
7703a201,0,
0769568e,0,
706e6618,0,
e0d17b89,0,
490d1253,0,
d00443e9,0,
a703737f,0,
3967e6dc,0,
4e60d64a,0,
50162312,0,
c91f72a8,0,
207cd79d,0,
b9758627,0,
29ca9bb6,0,
e232216b,0,
953511fd,0,
e55fe572,0,
fb29102a,0,
8c2e20bc,0,
fc44d433,0,
8b43e4a5,0,
5a66e7c1,0,
b46886ed,0,
5d0b23d8,0,
b30542f4,0,
c4027262,0,
437dd680,0,
347ae616,0,
ad73b7ac,0,
da74873a,0,
3317220f,0,
dd194323,0,
4da65eb2,0,
3aa16e24,0,
68508543,0,
1f57b5d5,0,
f159d4f9,0,
6f3d415a,0,
183a71cc,0,
f63410e0,0,
668b0d71,0,
7626701b,0,
98281137,0,
f6d3a8cd,0,
86b95c42,0,
8f0f1069,0,
efc8998c,0,
76c1c836,0,
06ab3cb9,0,
71ac0c2f,0,
4251556e,0,
ac5f3442,0,
453c9177,0,
dc35c0cd,0,
ab32f05b,0,
4c8add5c,0,
2c4d54b9,0,
5b4a642f,0,
c2433595,0,
b229c11a,0,
5591ec1d,0,
0760077a,0,
706737ec,0,
9e6956c0,0,
990492d9,0,
09bb8f48,0,
f0755717,0,
6e11c2b4,0,
801fa398,0,
10a0be09,0,
67a78e9f,0,
513aa0fc,0,
263d906a,0,
bf34c1d0,0,
565764e5,0,
21505473,0,
b85905c9,0,
cf5e355f,0,
3f26a12b,0,
a1423488,0,
d645041e,0,
31fd2919,0,
8d02a352,0,
fa0593c4,0,
136636f1,0,
8a6f674b,0,
fd6857dd,0,
1ad07ada,0,
0d10c3a9,0,
e31ea285,0,
9374560a,0,
e473669c,0,
74cc7b0d,0,
03cb4b9b,0,
8a88df66,0,
13818edc,0,
84535754,0,
9393ee27,0,
e3f91aa8,0,
94fe2a3e,0,
0df77b84,0,
7af04b12,0,
da9a6ee3,0,
33f9cbd6,0,
44fefb40,0,
ddf7aafa,0,
aaf09a6c,0,
3a4f87fd,0,
2d8f3e8e,0,
5a880e18,0,
5de5ca01,0,
c4ec9bbb,0,
b3ebab2d,0,
06a26d4d,0,
e8ac0c61,0,
98c6f8ee,0,
0879e57f,0,
1fb95c0c,0,
68be6c9a,0,
6fd3a883,0,
50f8cacb,0,
bef6abe7,0,
c9f19b71,0,
b99b6ffe,0,
ce9c5f68,0,
5e2342f9,0,
2924726f,0,
3ee4cb1c,0,
a7ed9aa6,0,
4e8e3f93,0,
39890f05,0,
d7876e29,0,
473873b8,0,
303f432e,0,
65a36c50,0,
12a45cc6,0,
8bad0d7c,0,
e2dcc8b2,0,
0bbf6d87,0,
92b63c3d,0,
e5b10cab,0,
020921ac,0,
fc4d85c7,0,
6544d47d,0,
8c277148,0,
f2960df5,0,
85913d63,0,
7c5fe53c,0,
953c4009,0,
29f09bae,0,
b0f9ca14,0,
b7940e0d,0,
272b139c,0,
502c230a,0,
30ebaaef,0,
47ec9a79,0,
dee5cbc3,0,
37866ef6,0,
40815e60,0,
d9880fda,0,
ae8f3f4c,0,
4937124b,0,
6cc1c9ba,0,
f5c89800,0,
f2a55c19,0,
151d711e,0,
621a4188,0,
02ddc86d,0,
ecd3a941,0,
72b73ce2,0,
ebbe6d58,0,
9cb95dce,0,
4d9c5eaa,0,
3a9b6e3c,0,
a3923f86,0,
3df6aa25,0,
4347d698,0,
23805f7d,0,
ba890ec7,0,
2d5bd74f,0,
08ad0cbe,0,
e6a36d92,0,
78c7f831,0,
96c9991d,0,
0676848c,0,
66b10d69,0,
11b63dff,0,
88bf6c45,0,
8fd2a85c,0,
f8d598ca,0,
686a855b,0,
1f6db5cd,0,
e644d5bf,0,
084ab493,0,
7f4d8405,0,
eff29994,0,
f83220e7,0,
8f351071,0,
613b715d,0,
ff5fe4fe,0,
6656b544,0,
81ee9843,0,
2832f199,0,
58580516,0,
26e979ab,0,
51ee493d,0,
3129c0d8,0,
d84a65ed,0,
af4d557b,0,
48f5787c,0,
f40af237,0,
830dc2a1,0,
1d695702,0,
846006b8,0,
14df1b29,0,
031fa25a,0,
737556d5,0,
ea7c076f,0,
9d7b37f9,0,
0dc42a68,0,
4b33f084,0,
4285bcaf,0,
35828c39,0,
bb4b64f0,0,
cc4c5466,0,
5228c1c5,0,
2c99bd78,0,
096f6689,0,
e76107a5,0,
79059206,0,
0e02a290,0,
970bf32a,0,
70b3de2d,0,
107457c8,0,
fe7a36e4,0,
e0eb7b91,0,
e786bf88,0,
60f91b6a,0,
fe9d8ec9,0,
1093efe5,0,
6794df73,0,
2a744fc0,0,
5d737f56,0,
c47a2eec,0,
5a1ebb4f,0,
44684e17,0,
aa662f3b,0,
3402ba98,0,
43058a0e,0,
da0cdbb4,0,
ad0beb22,0,
4ab3c625,0,
6f451dd4,0,
f64c4c6e,0,
f1218877,0,
8626b8e1,0,
619e95e6,0,
765e2c95,0,
ef577d2f,0,
98504db9,0,
0634d81a,0,
7133e88c,0,
a016ebe8,0,
d07c1f67,0,
40c302f6,0,
20048b13,0,
506e7f9c,0,
be601eb0,0,
c9672e26,0,
2edf0321,0,
9220896a,0,
e527b9fc,0,
0c441cc9,0,
954d4d73,0,
e24a7de5,0,
1232e991,0,
fc3c88bd,0,
6bee5135,0,
1ce961a3,0,
e2adc5c8,0,
7ba49472,0,
e5c001d1,0,
ec764dfa,0,
9b717d6c,0,
fbb6f489,0,
15b895a5,0,
62bfa533,0,
fcdb3090,0,
12d551bc,0,
2bb625f7,0,
c5b844db,0,
b2bf744d,0,
c2d580c2,0,
526a9d53,0,
32ad14b6,0,
dca3759a,0,
dbceb183,0,
3c769c84,0,
4b71ac12,0,
19804775,0,
6e8777e3,0,
f78e2659,0,
808916cf,0,
1eed836c,0,
009b7634,0,
779c46a2,0,
ee951718,0,
9992278e,0,
07f6b22d,0,
70f182bb,0,
e9f8d301,0,
4fdae0f3,0,
a1d481df,0,
48b724ea,0,
3fb0147c,0,
a6b945c6,0,
410168c1,0,
56c1d1b2,0,
b8cfb09e,0,
cfc88008,0,
26ab253d,0,
bfa27487,0,
581a5980,0,
2f1d6916,0,
7dec8271,0,
0aebb2e7,0,
93e2e35d,0,
948f2744,0,
e38817d2,0,
04303ad5,0,
64f7b330,0,
13f083a6,0,
8af9d21c,0,
639a7729,0,
149d47bf,0,
8d941605,0,
e36fafff,0,
7a66fe45,0,
e4026be6,0,
0a0c0aca,0,
7d0b3a5c,0,
fa749ebe,0,
8d73ae28,0,
147aff92,0,
637dcf04,0,
fd195aa7,0,
64100b1d,0,
f4af168c,0,
2ef93372,0,
59fe03e4,0,
c0f7525e,0,
b7f062c8,0,
2994f76b,0,
b09da6d1,0,
2022bb40,0,
57258bd6,0,
40e532a5,0,
308fc62a,0,
de81a706,0,
39398a01,0,
1ccf51f0,0,
6bc86166,0,
f2c130dc,0,
1ba295e9,0,
f5acf4c5,0,
1214d9c2,0,
02b9a4a8,0,
ecb7c584,0,
0b0fe883,0,
7c08d815,0,
4a95f676,0,
3d92c6e0,0,
d39ca7cc,0,
33494ed2,0,
bd80a61b,0,
54e3032e,0,
baed6202,0,
5d554f05,0,
2a527f93,0,
91c031c1,0,
e6c70157,0,
76781cc6,0,
16bf9523,0,
8fb6c499,0,
f8b1f40f,0,
66d561ac,0,
11d2513a,0,
6f632d87,0,
18641d11,0,
e620b97a,0,
082ed856,0,
7f29e8c0,0,
0f431c4f,0,
78442cd9,0,
e8fb3148,0,
ff3b883b,0,
1135e917,0,
f8564c22,0,
615f1d98,0,
f1e00009,0,
86e7309f,0,
2f3b5945,0,
583c69d3,0,
b63208ff,0,
28569d5c,0,
c658fc70,0,
21e0d177,0,
56e7e1e1,0,
af2939be,0,
314dac1d,0,
df43cd31,0,
a844fda7,0,
4ffcd0a0,0,
1d0d3bc7,0,
f3035aeb,0,
1a60ffde,0,
6d67cf48,0,
8369ae64,0,
13d6b3f5,0,
04160a86,0,
ea186baa,0,
037bce9f,0,
747cfe09,0,
ed75afb3,0,
9a729f25,0,
3c50acd7,0,
a559fd6d,0,
a2343974,0,
524cad00,0,
bc42cc2c,0,
55216919,0,
2226598f,0,
bb2f0835,0,
5c972532,0,
2b9015a4,0,
976f9fef,0,
90025bf6,0,
607acf82,0,
177dff14,0,
f9739e38,0,
67170b9b,0,
10103b0d,0,
89196ab7,0,
6ea147b0,0,
19a67726,0,
e7e2d34d,0,
09ecb261,0,
7eeb82f7,0,
0e817678,0,
e9395b7f,0,
9e3e6be9,0,
fef9e20c,0,
89fed29a,0,
67f0b3b6,0,
8e931683,0,
f0226a3e,0,
b474b6a6,0,
c41e4229,0,
23a66f2e,0,
ad6f87e7,0,
dd057368,0,
4dba6ef9,0,
684cb508,0,
18264187,0,
6f217111,0,
f62820ab,0,
11900dac,0,
0650b4df,0,
9f59e565,0,
763a4050,0,
7f8c0c7b,0,
d01873a2,0,
4e7ce601,0,
500a1359,0,
270d23cf,0,
c90342e3,0,
ce6e86fa,0,
7b27409a,0,
952921b6,0,
e22e1120,0,
7c4a8483,0,
02fbf83e,0,
623c71db,0,
8c3210f7,0,
fb352061,0,
12568554,0,
fc58e478,0,
1be0c97f,0,
7cad3cae,0,
e2c9a90d,0,
95ce999b,0,
0cc7c821,0,
fcbf5c55,0,
8cd5a8da,0,
62dbc9f6,0,
c2b1ec07,0,
b5b6dc91,0,
2bd24932,0,
5cd579a4,0,
c5dc281e,0,
5563358f,0,
35a4bc6a,0,
42a38cfc,0,
acadedd0,0,
32c97873,0,
45ce48e5,0,
dcc7195f,0,
abc029c9,0,
3b7f3458,0,
4c7804ce,0,
1e89efa9,0,
f0878e85,0,
8780be13,0,
19e42bb0,0,
f7ea4a9c,0,
80ed7a0a,0,
1052679b,0,
6755570d,0,
7095ee7e,0,
e99cbfc4,0,
9e9b8f52,0,
77f82a67,0,
eef17bdd,0,
094956da,0,
3fd478b9,0,
d1da1995,0,
4fbe8c36,0,
4608c01d,0,
310ff08b,0,
51c8796e,0,
26cf49f8,0,
56a5bd77,0,
b8abdc5b,0,
2814c1ca,0,
0de21a3b,0,
94eb4b81,0,
7d88eeb4,0,
0a8fde22,0,
743ea29f,0,
03399209,0,
63fe1bec,0,
14f92b7a,0,
faf74a56,0,
fd9a8e4f,0,
6d2593de,0,
1a22a348,0,
0a68660f,0,
fd7d3662,0,
8a7a06f4,0,
647467d8,0,
141e9357,0,
f3a6be50,0,
27e3ca16,0,
50e4fa80,0,
c9edab3a,0,
57893e99,0,
b9875fb5,0,
39953f4e,0,
a09c6ef4,0,
472443f3,0,
62d29802,0,
fbdbc9b8,0,
8cdcf92e,0,
12b86c8d,0,
65bf5c1b,0,
fcb60da1,0,
8bb13d37,0,
1b0e20a6,0,
6c091030,0,
0cce99d5,0,
e2c0f8f9,0,
0ba35dcc,0,
e5ad3ce0,0,
75122171,0,
da865ea8,0,
3a53b7b6,0,
2d930ec5,0,
b49a5f7f,0,
c39d6fe9,0,
5df9fa4a,0,
b3f79b66,0,
544fb661,0,
234886f7,0,
06be5d06,0,
76d4a989,0,
01d3991f,0,
0865d534,0,
68a25cd1,0,
1fa56c47,0,
86ac3dfd,0,
f1ab0d6b,0,
6fcf98c8,0,
18c8a85e,0,
f6c6c972,0,
6679d4e3,0,
763311a4,0,
e8578407,0,
0659e52b,0,
715ed5bd,0,
e1e1c82c,0,
6f2820e5,0,
1f42d46a,0,
6845e4fc,0,
f8faf96d,0,
8ffdc9fb,0,
bf28f19b,0,
3f3a9160,0,
483da1f6,0,
a633c0da,0,
4f5065ef,0,
d6593455,0,
31e11952,0,
46e629c4,0,
8d1e9319,0,
647d362c,0,
fd746796,0,
8a735700,0,
1acc4a91,0,
6dcb7a07,0,
0a6137fb,0,
03d77bd0,0,
74d04b46,0,
4520a13c,0,
ab2ec010,0,
dc29f086,0,
b5583548,0,
5c3b907d,0,
b235f151,0,
228aecc0,0,
9918a292,0,
ee1f9204,0,
7ea08f95,0,
09a7bf03,0,
696036e6,0,
1e670670,0,
6e0df2ff,0,
800393d3,0,
f704a345,0,
10bc8e42,0,
eef82a29,0,
99ff1abf,0,
00f64b05,0,
77f17b93,0,
079b8f1c,0,
709cbf8a,0,
9724928d,0,
80e42bfe,0,
19ed7a44,0,
8789efe7,0,
69878ecb,0,
8e3fa3cc,0,
7f429de7,0,
0845ad71,0,
962138d2,0,
782f59fe,0,
0f286968,0,
e890446f,0,
6659aca6,0,
8f3a0993,0,
f83d3905,0,
613468bf,0,
868c45b8,0,
f18b752e,0,
4d74ff65,0,
3a73cff3,0,
a4175a50,0,
d3106ac6,0,
4a193b7c,0,
ada1167b,0,
ba61af08,0,
546fce24,0,
ca0b5b87,0,
24053aab,0,
b4ba273a,0,
82270959,0,
1b2e58e3,0,
6c296875,0,
1c439cfa,0,
fbfbb1fd,0,
9c51fc01,0,
0558adbb,0,
725f9d2d,0,
e2e080bc,0,
b0116bdb,0,
5e1f0af7,0,
c07b9f54,0,
30030b20,0,
d960ae15,0,
ae679e83,0,
376ecf39,0,
4069ffaf,0,
d0d6e23e,0,
a7d1d2a8,0,
2e924655,0,
29ff824c,0,
b0f6d3f6,0,
574efef1,0,
2049ce67,0,
408e4782,0,
37897714,0,
ae8026ae,0,
d9871638,0,
a9ede2b7,0,
deead221,0,
4e55cfb0,0,
3952ff26,0,
0987c746,0,
97e352e5,0,
e0e46273,0,
0eea035f,0,
fe92972b,0,
679bc691,0,
60f60288,0,
17f1321e,0,
f0491f19,0,
d5bfc4e8,0,
4cb69552,0,
3bb1a5c4,0,
a5d53067,0,
4bdb514b,0,
3cdc61dd,0,
ac637c4c,0,
db644cda,0,
bba3c53f,0,
cca4f5a9,0,
55ada413,0,
cbc931b0,0,
f4e253f8,0,
1aec32d4,0,
f38f97e1,0,
1d81f6cd,0,
fa39dbca,0,
edf962b9,0,
9afe522f,0,
03f70395,0,
9d939636,0,
049ac78c,0,
739df71a,0,
e322ea8b,0,
9425da1d,0,
c6d4317a,0,
b1d301ec,0,
28da5056,0,
c1b9f563,0,
c80fb948,0,
bf0889de,0,
dfcf003b,0,
a8c830ad,0,
31c16117,0,
d8a2c422,0,
afa5f4b4,0,
36aca50e,0,
283de87b,0,
568c94c6,0,
218ba450,0,
414c2db5,0,
364b1d23,0,
af424c99,0,
d8457c0f,0,
a82f8880,0,
e5cf1833,0,
0bc1791f,0,
e2a2dc2a,0,
fcd42972,0,
65dd78c8,0,
12da485e,0,
8cbeddfd,0,
fbb9ed6b,0,
f20fa140,0,
a0fe4a27,0,
d7f97ab1,0,
4ef02b0b,0,
39f71b9d,0,
499def12,0,
ae25c215,0,
c98f8fe9,0,
5086de53,0,
2781eec5,0,
c039c3c2,0,
f6a4eda1,0,
81a3dd37,0,
f1c929b8,0,
86ce192e,0,
1fc74894,0,
98b8ec76,0,
9fd5286f,0,
e16454d2,0,
c4928f23,0,
b4f87bac,0,
2df12a16,0,
5af61a80,0,
bd4e3787,0,
aa8e8ef4,0,
d3523650,0,
2d16923b,0,
b41fc381,0,
c475370e,0,
54ca2a9f,0,
430a93ec,0,
340da37a,0,
aa6936d9,0,
dd6e064f,0,
4dd11bde,0,
3ad62b48,0,
930a4292,0,
0a031328,0,
7a69e7a7,0,
8a1173d3,0,
fd164345,0,
641f12ff,0,
fa7b875c,0,
1475e670,0,
84cafbe1,0,
4f32413c,0,
383571aa,0,
a651e409,0,
d156d49f,0,
485f8525,0,
afe7a822,0,
cf2021c7,0,
5144b464,0,
8061b700,0,
f00b438f,0,
1e0522a3,0,
69021235,0,
f9bd0fa4,0,
997a8641,0,
e91072ce,0,
071e13e2,0,
e0a63ee5,0,
b257d582,0,
2b5e8438,0,
5c59b4ae,0,
2c334021,0,
5b3470b7,0,
cb8b6d26,0,
dc4bd455,0,
3245b579,0,
db26104c,0,
35287160,0,
d2905c67,0,
a5976cf1,0,
c2da9920,0,
5cbe0c83,0,
b2b06daf,0,
220f703e,0,
35cfc94d,0,
dbc1a861,0,
dcac6c78,0,
4c1371e9,0,
784b353b,0,
0f4c05ad,0,
7f26f122,0,
0821c1b4,0,
989edc25,0,
ef99ecb3,0,
8f5e6556,0,
6150047a,0,
165734ec,0,
ff3491d9,0,
113af0f5,0,
f682ddf2,0,
a4733695,0,
d3740603,0,
4d1093a0,0,
536666f8,0,
2461566e,0,
540ba2e1,0,
b3b38fe6,0,
c4b4bf70,0,
852ea185,0,
1c27f03f,0,
8243659c,0,
1b4a3426,0,
6c4d04b0,0,
eb32a052,0,
9c3590c4,0,
053cc17e,0,
723bf1e8,0,
ec5f644b,0,
9b5854dd,0,
e5e92860,0,
92ee18f6,0,
c01ff391,0,
2e1192bd,0,
5916a22b,0,
c7723788,0,
297c56a4,0,
370aa3fc,0,
400d936a,0,
a96e365f,0,
306767e5,0,
a0d87a74,0,
5e9cde1f,0,
299bee89,0,
c7958fa5,0,
59f11a06,0,
b7ff7b2a,0,
5047562d,0,
274066bb,0,
4787ef5e,0,
de8ebee4,0,
37ed1bd1,0,
aee44a6b,0,
3e5b57fa,0,
e0800eb6,0,
e7edcaaf,0,
7ee49b15,0,
995cb612,0,
ee5b8684,0,
f99b3ff7,0,
17955edb,0,
f740b7c5,0,
a5b15ca2,0,
3cb80d18,0,
3bd5c901,0,
ab6ad490,0,
dc6de406,0,
bcaa6de3,0,
52a40ccf,0,
25a33c59,0,
ccc0996c,0,
22cef840,0,
c576d547,0,
f3ebfb24,0,
83810fab,0,
1a885e11,0,
6d8f6e87,0,
fd307316,0,
eaf0ca65,0,
9df7faf3,0,
ed9d0e7c,0,
74945fc6,0,
c1dd99a6,0,
b6daa930,0,
2fd3f88a,0,
c6b05dbf,0,
28be3c93,0,
cf061194,0,
b8012102,0,
d8c6a8e7,0,
36c8c9cb,0,
41cff95d,0,
dfab6cfe,0,
46a23d44,0,
d61d20d5,0,
5f5eb428,0,
b150d504,0,
c657e592,0,
58337031,0,
2f3440a7,0,
c13a218b,0,
3142b5ff,0,
a84be445,0,
41284170,0,
3f993dcd,0,
95c18079,0,
92ac4460,0,
7ca2254c,0,
0ba515da,0,
9b1a084b,0,
ec1d38dd,0,
15d3e082,0,
8bb77521,0,
fcb045b7,0,
65b9140d,0,
12be249b,0,
f506099c,0,
a7f7e2fb,0,
d0f0d26d,0,
49f983d7,0,
3efeb341,0,
a09a26e2,0,
d79d1674,0,
de2b5a5f,0,
50e2b296,0,
27e58200,0,
b98117a3,0,
ce862735,0,
b0375b88,0,
86aa75eb,0,
81c7b1f2,0,
18cee048,0,
6fc9d0de,0,
ff76cd4f,0,
8871fdd9,0,
e8b6743c,0,
9fb144aa,0,
71bf2586,0,
76d2e19f,0,
e66dfc0e,0,
c39b27ff,0,
b49c1769,0,
5a927645,0,
5dffb25c,0,
ba479f5b,0,
348e7792,0,
43894704,0,
ddedd2a7,0,
aaeae231,0,
44e4831d,0,
2a1f3ae7,0,
b3166b5d,0,
2d72fefe,0,
53c38243,0,
24c4b2d5,0,
aa0d5a1c,0,
dd0a6a8a,0,
3469cfbf,0,
da67ae93,0,
3ddf8394,0,
e304dad8,0,
936e2e57,0,
e4691ec1,0,
9ad8627c,0,
eddf52ea,0,
fa1feb99,0,
6316ba23,0,
fd722f80,0,
647b7e3a,0,
83c3533d,0,
f4c463ab,0,
a63588cc,0,
a1584cd5,0,
d65f7c43,0,
4f562df9,0,
38511d6f,0,
a8ee00fe,0,
dfe93068,0,
b1f531bf,0,
c6f20129,0,
f06f2f4a,0,
1e614e66,0,
69667ef0,0,
f702eb53,0,
8005dbc5,0,
e9741e0b,0,
077a7f27,0,
e7af9639,0,
90a8a6af,0,
c2594dc8,0,
2c572ce4,0,
5b501c72,0,
b233b947,0,
5c3dd86b,0,
ac454c1f,0,
354c1da5,0,
424b2d33,0,
a29ec42d,0,
5cda6046,0,
2bdd50d0,0,
b2d4016a,0,
5bb7a45f,0,
2cb094c9,0,
c2bef5e5,0,
5201e874,0,
32c66191,0,
dcc800bd,0,
42ac951e,0,
35aba588,0,
dba5c4a4,0,
3c1de9a3,0,
9f5fad73,0,
e8589de5,0,
0656fcc9,0,
763c0846,0,
e68315d7,0,
86449c32,0,
f143aca4,0,
1f4dcd88,0,
8129582b,0,
f62e68bd,0,
889f1400,0,
ff982496,0,
da6eff67,0,
aa040be8,0,
a3b247c3,0,
b472feb0,0,
b31f3aa9,0,
c4180a3f,0,
baa97682,0,
cdae4614,0,
fb336877,0,
153d095b,0,
623a39cd,0,
fc5eac6e,0,
8b599cf8,0,
1250cd42,0,
6557fdd4,0,
f5e8e045,0,
7b21088c,0,
7c4ccc95,0,
9bf4e192,0,
c9050af5,0,
ce68ceec,0,
57619f56,0,
c7de82c7,0,
d01e3bb4,0,
a7190b22,0,
49176a0e,0,
d773ffad,0,
a074cf3b,0,
397d9e81,0,
4e7aae17,0,
a9c28310,0,
5786277b,0,
b9884657,0,
ce8f76c1,0,
50ebe362,0,
bee5824e,0,
595daf49,0,
2e5a9fdf,0,
399a26ac,0,
a0937716,0,
d7944780,0,
3ef7e2b5,0,
d0f98399,0,
9e9dc744,0,
079496fe,0,
eef733cb,0,
77fe6271,0,
f081c693,0,
69889729,0,
80eb321c,0,
19e263a6,0,
fe5a4ea1,0,
42a5c4ea,0,
35a2f47c,0,
a2702df4,0,
d5771d62,0,
c2b7a411,0,
2cb9c53d,0,
b2dd509e,0,
5cd331b2,0,
2bd40124,0,
bb6b1cb5,0,
14ff636c,0,
63f853fa,0,
fd9cc659,0,
649597e3,0,
f42a8a72,0,
e3ea3301,0,
e487f718,0,
9a368ba5,0,
51ce3178,0,
cfaaa4db,0,
c61ce8f0,0,
b11bd866,0,
d1dc5183,0,
3fd230af,0,
38bff4b6,0,
df07d9b1,0,
a800e927,0,
b84a2c60,0,
bf27e879,0,
c820d8ef,0,
a1511d21,0,
d13be9ae,0,
4184f43f,0,
c92fec9d,0,
be28dc0b,0,
ce422884,0,
b9451812,0,
204c49a8,0,
d034dddc,0,
4e50487f,0,
deef55ee,0,
a9e86578,0,
8c1ebe89,0,
127a2b2a,0,
82c536bb,0,
e202bf5e,0,
95058fc8,0,
0c0cde72,0,
92684bd1,0,
7c662afd,0,
434d48b5,0,
aa2eed80,0,
3327bc3a,0,
d49f913d,0,
b45818d8,0,
c35f284e,0,
2d514962,0,
c432ec57,0,
ba8390ea,0,
cd84a07c,0,
9f754b1b,0,
717b2a37,0,
98188f02,0,
7616ee2e,0,
0111deb8,0,
91aec329,0,
e6a9f3bf,0,
1f672be0,0,
8103be43,0,
180aeff9,0,
01f66695,0,
76f15603,0,
98ff372f,0,
9f92f336,0,
0f2deea7,0,
6fea6742,0,
f6e336f8,0,
81e4066e,0,
1f8093cd,0,
6887a35b,0,
8689c277,0,
6131ef70,0,
c8ed86aa,0,
bfeab63c,0,
cf8042b3,0,
56891309,0,
c6360e98,0,
d1f6b7eb,0,
48ffe651,0,
a19c4364,0,
4f922248,0,
df2d3fd9,0,
fadbe428,0,
14d58504,0,
63d2b592,0,
f4006c1a,0,
83075c8c,0,
e3c0d569,0,
7ac984d3,0,
e4ad1170,0,
93aa21e6,0,
ed1b5d5b,0,
9a1c6dcd,0,
ac8143ae,0,
db867338,0,
428f2282,0,
35881214,0,
abec87b7,0,
32e5d60d,0,
a25acb9c,0,
5b9413c3,0,
5cf9d7da,0,
2bfee74c,0,
bb41fadd,0,
e9b011ba,0,
07be7096,0,
99dae535,0,
77d48419,0,
906ca91e,0,
87ac106d,0,
f0ab20fb,0,
69a27141,0,
1ea541d7,0,
f7c6e4e2,0,
6ecfb558,0,
19c885ce,0,
8977985f,0,
e957a997,0,
9e509901,0,
6e280d75,0,
f7215ccf,0,
80266c59,0,
1e42f9fa,0,
6945c96c,0,
f04c98d6,0,
874ba840,0,
60f38547,0,
caab38f3,0,
bdac0865,0,
53a26949,0,
cdc6fcea,0,
23c89dc6,0,
3dbe689e,0,
4ab95808,0,
a3dafd3d,0,
dd6b8180,0,
aa6cb116,0,
8f9a6ae7,0,
61940bcb,0,
fff09e68,0,
f646d243,0,
e1866b30,0,
08e5ce05,0,
985ad394,0,
aec7fdf7,0,
40c99cdb,0,
a9aa39ee,0,
30a36854,0,
d71b4553,0,
c0dbfc20,0,
5ebf6983,0,
29b85915,0,
9cf19f75,0,
05f8cecf,0,
9b9c5b6c,0,
75923a40,0,
e52d27d1,0,
1ce3ff8e,0,
f5805abb,0,
6c890b01,0,
7575826d,0,
9b7be341,0,
72184674,0,
0ca93ac9,0,
7bae0a5f,0,
1c0447a3,0,
6b037735,0,
f20a268f,0,
850d1619,0,
62b53b1e,0,
cb6952c4,0,
550dc767,0,
c5b2daf6,0,
3c7c02a9,0,
a218970a,0,
3b11c6b0,0,
4c16f626,0,
dca9ebb7,0,
abaedb21,0,
8e5800d0,0,
1751516a,0,
605661fc,0,
fe32f45f,0,
8935c4c9,0,
103c9573,0,
f784b874,0,
97433191,0,
794d50bd,0,
0927a432,0,
7e2094a4,0,
9998b9a3,0,
af0597c0,0,
d802a756,0,
410bf6ec,0,
360cc67a,0,
df6f634f,0,
31610263,0,
d6d92f64,0,
c1199617,0,
b1736298,0,
c674520e,0,
5f7d03b4,0,
b8c52eb3,0,
cfc21e25,0,
9d33f542,0,
043aa4f8,0,
9a5e315b,0,
ed5901cd,0,
035760e1,0,
e4ef4de6,0,
8428c403,0,
6a26a52f,0,
1d2195b9,0,
f442308c,0,
1a4c51a0,0,
8af34c31,0,
fdf47ca7,0,
74b7e85a,0,
edbeb9e0,0,
04dd1cd5,0,
ead37df9,0,
9dd44d6f,0,
0d6b50fe,0,
7a6c6068,0,
83a2b837,0,
1dc62d94,0,
6ac11d02,0,
f3c84cb8,0,
147061bf,0,
ce264441,0,
572f15fb,0,
be4cb0ce,0,
5042d1e2,0,
c0fdcc73,0,
a03a4596,0,
3933142c,0,
a757818f,0,
fc1026c3,0,
121e47ef,0,
fb7de2da,0,
157383f6,0,
6274b360,0,
85cc9e67,0,
e50b1782,0,
9561e30d,0,
0c68b2b7,0,
ebd09fb0,0,
aa4a8145,0,
dd4db1d3,0,
43292470,0,
b351b004,0,
c4568092,0,
5d5fd128,0,
2a58e1be,0,
b43c741d,0,
bd8a3836,0,
987ce3c7,0,
ef7bd351,0,
767282eb,0,
9f1127de,0,
711f46f2,0,
06187664,0,
96a76bf5,0,
8167d286,0,
f10d2609,0,
680477b3,0,
1f034725,0,
8fbc5ab4,0,
f8bb6a22,0,
06ffce49,0,
71f8fedf,0,
989b5bea,0,
0824467b,0,
1fe4ff08,0,
86edaeb2,0,
18893b11,0,
6f8e0b87,0,
81806aab,0,
113f773a,0,
bf8edaf9,0,
26878b43,0,
5180bbd5,0,
c13fa644,0,
d6ff1f37,0,
d192db2e,0,
489b8a94,0,
d8249705,0,
fdd24cf4,0,
8ad57c62,0,
fabf88ed,0,
8db8b87b,0,
14b1e9c1,0,
63b6d957,0,
f309c4c6,0,
e3a4b9ac,0,
7aade816,0,
ab88eb72,0,
45868a5e,0,
ace52f6b,0,
42eb4e47,0,
35ec7ed1,0,
a5536340,0,
d25453d6,0,
b293da33,0,
c594eaa5,0,
5c9dbb1f,0,
2b9a8b89,0,
5bf07f06,0,
77b0e8dc,0,
00b7d84a,0,
e9d47d7f,0,
6eabd99d,0,
19ace90b,0,
87c87ca8,0,
f0cf4c3e,0,
69c61d84,0,
1ec12d12,0,
9e34f5c4,0,
00506067,0,
775750f1,0,
995931dd,0,
09e62c4c,0,
6921a5a9,0,
f028f413,0,
6e4c61b0,0,
8042009c,0,
10fd1d0d,0,
67fa2d9b,0,
baa5a0b9,0,
23acf103,0,
54abc195,0,
cacf5436,0,
bdc864a0,0,
53c6058c,0,
3ab7c042,0,
d3d46577,0,
3dda045b,0,
4add34cd,0,
ad6519ca,0,
8893c23b,0,
119a9381,0,
669da317,0,
e68fc3ec,0,
0881a2c0,0,
7f869256,0,
e1e207f5,0,
78eb564f,0,
e8544bde,0,
9f537b48,0,
a9ce552b,0,
dec965bd,0,
47c03407,0,
30c70491,0,
aea39132,0,
37aac088,0,
a715dd19,0,
c7d254fc,0,
b7b8a073,0,
c0bf90e5,0,
59b6c15f,0,
be0eec58,0,
9bf837a9,0,
ecff073f,0,
02f16613,0,
059ca20a,0,
e2248f0d,0,
f5e4367e,0,
6ced67c4,0,
858ec2f1,0,
6b80a3dd,0,
1c87934b,0,
fb3fbe4c,0,
0216de3e,0,
ec18bf12,0,
0ba09215,0,
1c602b66,0,
6b671bf0,0,
6c0adfe9,0,
f5038e53,0,
12bba354,0,
65bc93c2,0,
bb67ca8e,0,
226e9b34,0,
5569aba2,0,
cb0d3e01,0,
bc0a0e97,0,
25035f2d,0,
52046fbb,0,
a27cfbcf,0,
3b75aa75,0,
4c729ae3,0,
d2160f40,0,
a5113fd6,0,
4b1f5efa,0,
fe56989a,0,
8951a80c,0,
1058f9b6,0,
675fc920,0,
8e3c6c15,0,
60320d39,0,
f08d10a8,0,
e74da9db,0,
7e44f861,0,
9e91117f,0,
a80c3f1c,0,
31056ea6,0,
d866cb93,0,
a6d7b72e,0,
281e5fe7,0,
c17dfad2,0,
c8cbb6f9,0,
9a3a5d9e,0,
ed3d6d08,0,
03330c24,0,
9d579987,0,
ea50a911,0,
7359f8ab,0,
e3e6e53a,0,
1a283d65,0,
844ca8c6,0,
6a42c9ea,0,
1d45f97c,0,
8dfae4ed,0,
04b97010,0,
eab7113c,0,
9db021aa,0,
eddad525,0,
9adde5b3,0,
0a62f822,0,
7d65c8b4,0,
6aa571c7,0,
f3ac207d,0,
84ab10eb,0,
f4c1e464,0,
c73cbd25,0,
b03b8db3,0,
c051793c,0,
bee00581,0,
de278c64,0,
d94a487d,0,
ae4d78eb,0,
404319c7,0,
f50adfa7,0,
820def31,0,
1b04be8b,0,
6c038e1d,0,
1c697a92,0,
021f8fca,0,
7518bf5c,0,
9c7b1a69,0,
05724bd3,0,
e2ca66d4,0,
a3507821,0,
d45748b7,0,
3a59299b,0,
d33a8cae,0,
4a33dd14,0,
3d34ed82,0,
ad8bf013,0,
da8cc085,0,
5445284c,0,
234218da,0,
bd268d79,0,
ca21bdef,0,
5328ec55,0,
242fdcc3,0,
b490c152,0,
c397f1c4,0,
7805bf96,0,
9fbd9291,0,
887d2be2,0,
ff7a1b74,0,
66734ace,0,
11747a58,0,
611e8ed7,0,
1619be41,0,
86a6a3d0,0,
78e207bb,0,
96ec6697,0,
7f8fc3a2,0,
61f936fa,0,
f8f06740,0,
8ff757d6,0,
6694f2e3,0,
ff9da359,0,
6f22bec8,0,
c6fed712,0,
28f0b63e,0,
5ff786a8,0,
589a42b1,0,
c8255f20,0,
a8e2d6c5,0,
46ecb7e9,0,
af8f12dc,0,
d13e6e61,0,
83cf8506,0,
1ac6d4bc,0,
6dc1e42a,0,
f3a57189,0,
84a2411f,0,
6aac2033,0,
eabe40c8,0,
04b021e4,0,
73b71172,0,
e3080ce3,0,
940f3c75,0,
d5952280,0,
4c9c733a,0,
3b9b43ac,0,
a5ffd60f,0,
d2f8e699,0,
4bf1b723,0,
db4eaab2,0,
bb892357,0,
cc8e13c1,0,
228072ed,0,
bce4e74e,0,
7eaa11b8,0,
09ad212e,0,
e0ce841b,0,
79c7d5a1,0,
0ec0e537,0,
e978c830,0,
89bf41d5,0,
10b6106f,0,
8ed285cc,0,
f9d5b55a,0,
8764c9e7,0,
e0293c36,0,
e744f82f,0,
9043c8b9,0,
00fcd528,0,
77fbe5be,0,
f9320d77,0,
1051a842,0,
675698d4,0,
8958f9f8,0,
71938bf8,0,
9f9dead4,0,
e89ada42,0,
76fe4fe1,0,
eff71e5b,0,
084f335c,0,
6888bab9,0,
1f8f8a2f,0,
18e24e36,0,
1154021d,0,
daacb8c0,0,
4d7e6148,0,
3a7951de,0,
b3dd7d0e,0,
54655009,0,
15ff4efc,0,
fbf12fd0,0,
8cf61f46,0,
6595ba73,0,
fc9cebc9,0,
7c8e8b32,0,
e587da88,0,
9280ea1e,0,
7538c719,0,
27c92c7e,0,
bec07dc4,0,
57a3d8f1,0,
3ed21d3f,0,
49d52da9,0,
a7db4c85,0,
39bfd926,0,
4eb8e9b0,0,
470ea59b,0,
ce4d3166,0,
574460dc,0,
2043504a,0,
b79189c2,0,
a05130b1,0,
4e5f519d,0,
3958610b,0,
49329584,0,
ae8ab883,0,
003b1540,0,
ee35746c,0,
7e8a69fd,0,
694ad08e,0,
8744b1a2,0,
f0438134,0,
19202401,0,
802975bb,0,
f72e452d,0,
679158bc,0,
1096682a,0,
4267834d,0,
3560b3db,0,
ac69e261,0,
db6ed2f7,0,
dc0316ee,0,
4cbc0b7f,0,
5b7cb20c,0,
c275e3b6,0,
b21f1739,0,
c51827af,0,
55a73a3e,0,
22a00aa8,0,
143d24cb,0,
633a145d,0,
8d347571,0,
1350e0d2,0,
6457d044,0,
8a59b168,0,
6de19c6f,0,
942f4430,0,
0a4bd193,0,
7d4ce105,0,
e445b0bf,0,
03fd9db8,0,
74faad2e,0,
510c76df,0,
c8052765,0,
4817479e,0,
d11e1624,0,
d673d23d,0,
a174e2ab,0,
46cccfac,0,
b8886bc7,0,
cf8f5b51,0,
21813a7d,0,
c154d363,0,
d6946a10,0,
4f9d3baa,0,
389a0b3c,0,
a6fe9e9f,0,
d1f9ae09,0,
48f0ffb3,0,
3ff7cf25,0,
d84fe222,0,
05106f00,0,
9c193eba,0,
ec73ca35,0,
7cccd7a4,0,
1c0b5e41,0,
f2053f6d,0,
6c61aace,0,
f568fb74,0,
ae2f5c38,0,
de45a8b7,0,
4efab526,0,
593a0c55,0,
b7346d79,0,
2950f8da,0,
b059a960,0,
57e18467,0,
617caa04,0,
f875fbbe,0,
8f72cb28,0,
11165e8b,0,
ff183fa7,0,
18a012a0,0,
78679b45,0,
e16ecaff,0,
080d6fca,0,
7f0a5f5c,0,
91043e70,0,
01bb23e1,0,
76bc1377,0,
ca43993c,0,
ba296db3,0,
5d9140b4,0,
3d56c951,0,
4a51f9c7,0,
a45f98eb,0,
4d3c3dde,0,
338d4163,0,
baced59e,0,
cdc9e508,0,
54c0b4b2,0,
caa42111,0,
c3126d3a,0,
4ddb85f3,0,
a4b820c6,0,
ad0e6ced,0,
da095c7b,0,
73d535a1,0,
04d20537,0,
03bfc12e,0,
9ab69094,0,
edb1a002,0,
f3c7555a,0,
f4aa9143,0,
41e35723,0,
36e467b5,0,
a880f216,0,
df87c280,0,
4f38df11,0,
383fef87,0,
58f86662,0,
b6f6074e,0,
289292ed,0,
b19bc357,0,
5623ee50,0,
2124dec6,0,
f9b79189,0,
8eb0a11f,0,
19627897,0,
6e654801,0,
0ea2c1e4,0,
79a5f172,0,
7ec8356b,0,
90c65447,0,
007949d6,0,
777e7940,0,
5288a2b1,0,
bbeb0784,0,
2b541a15,0,
5c532a83,0,
4b9393f0,0,
d29ac24a,0,
3bf9677f,0,
d5f70653,0,
324f2b54,0,
45481bc2,0,
bb0cbfa9,0,
cb664b26,0,
a2178ee8,0,
a57a4af1,0,
dbcb364c,0,
769a2324,0,
019d13b2,0,
98944208,0,
06f0d7ab,0,
9ff98611,0,
6f811265,0,
818f7349,0,
f68843df,0,
1febe6ea,0,
86e2b750,0,
44ac41a6,0,
33ab7130,0,
dda5101c,0,
34c6b529,0,
adcfe493,0,
dac8d405,0,
5db770e7,0,
c4be215d,0,
b4d4d5d2,0,
536cf8d5,0,
246bc843,0,
12f6e620,0,
65f1d6b6,0,
629c12af,0,
fb954315,0,
7b8723ee,0,
e28e7254,0,
72316fc5,0,
20c084a2,0,
57c7b434,0,
cecee58e,0,
591c3c06,0,
4edc8575,0,
3eb671fa,0,
d0b810d6,0,
a7bf2040,0,
40070d47,0,
be43a92c,0,
c94499ba,0,
504dc800,0,
274af896,0,
b92e6d35,0,
ce295da3,0,
57200c19,0,
20273c8f,0,
b098211e,0,
a758986d,0,
4956f941,0,
d7326ce2,0,
4e3b3d58,0,
393c0dce,0,
de8420c9,0,
9956283f,0,
ee5118a9,0,
70358d0a,0,
e93cdcb0,0,
7983c121,0,
0e84f1b7,0,
6e437852,0,
194448c4,0,
804d197e,0,
f74a29e8,0,
1e298cdd,0,
8720dd67,0,
f027edf1,0,
6098f060,0,
dc677a2b,0,
3504df1e,0,
ac0d8ea4,0,
3cb29335,0,
5c751ad0,0,
2b722a46,0,
c2118f73,0,
52ae92e2,0,
6433bc81,0,
fd3aed3b,0,
1459480e,0,
fa572922,0,
6ae834b3,0,
0a2fbd56,0,
7d288dc0,0,
9326ecec,0,
e34c1863,0,
944b28f5,0,
04f43564,0,
2102ee95,0,
5605de03,0,
cf0c8fb9,0,
266f2a8c,0,
58de5631,0,
4f1eef42,0,
d617bef8,0,
a1108e6e,0,
a67d4a77,0,
c886f38d,0,
518fa237,0,
268892a1,0,
b8ec0702,0,
56e2662e,0,
48949376,0,
a1f73643,0,
a8417a68,0,
df464afe,0,
751ef74a,0,
0219c7dc,0,
ec17a6f0,0,
9c7d527f,0,
1b02f69d,0,
6b680212,0,
1c6f3284,0,
f26153a8,0,
62de4e39,0,
15d97eaf,0,
472895c8,0,
de21c472,0,
37426147,0,
b03dc5a5,0,
c73af533,0,
595e6090,0,
2e595006,0,
b75001bc,0,
c057312a,0,
50e82cbb,0,
27ef1c2d,0,
ff7c5362,0,
7f6e3399,0,
7803f780,0,
e10aa63a,0,
ba4d0176,0,
ca27f5f9,0,
bd20c56f,0,
2d9fd8fe,0,
d45100a1,0,
d33cc4b8,0,
a43bf42e,0,
3484e9bf,0,
4383d929,0,
53c91c6e,0,
24ce2cf8,0,
baaab95b,0,
cdad89cd,0,
54a4d877,0,
23a3e8e1,0,
4ad22d2f,0,
d4b6b88c,0,
4dbfe936,0,
3ab8d9a0,0,
aa07c431,0,
74dc9d7d,0,
03dbadeb,0,
9ad2fc51,0,
edd5ccc7,0,
eab808de,0,
0d0025d9,0,
6dc7ac3c,0,
83c9cd10,0,
f4cefd86,0,
6aaa6825,0,
f3a3399f,0,
141b1498,0,
41873be6,0,
483177cd,0,
3f36475b,0,
28f6fe28,0,
b1ffaf92,0,
589c0aa7,0,
2f9b3a31,0,
b6926b8b,0,
c1955b1d,0,
512a468c,0,
262d761a,0,
10b05879,0,
febe3955,0,
f9d3fd4c,0,
696ce0dd,0,
90a23882,0,
79c19db7,0,
97cffc9b,0,
0770e10a,0,
55810a6d,0,
bb8f6b41,0,
bce2af58,0,
2c5db2c9,0,
4c9a3b2c,0,
d5936a96,0,
3cf0cfa3,0,
d2feae8f,0,
a5f99e19,0,
4241b31e,0,
bc051775,0,
cb0227e3,0,
250c46cf,0,
5566b240,0,
226182d6,0,
b2de9f47,0,
c5d9afd1,0,
4b104718,0,
a273e22d,0,
d574d2bb,0,
abc5ae06,0,
7f80da40,0,
0887ead6,0,
e6898bfa,0,
0fea2ecf,0,
96e37f75,0,
e1e44fe3,0,
715b5272,0,
119cdb97,0,
88958a2d,0,
61f62f18,0,
1f4753a5,0,
a3b8d9ee,0,
4adb7cdb,0,
436d30f0,0,
346a0066,0,
23aab915,0,
baa3e8af,0,
cda4d839,0,
53c04d9a,0,
24c77d0c,0,
1bec1f44,0,
6ceb2fd2,0,
6b86ebcb,0,
f28fba71,0,
75f01e93,0,
ecf94f29,0,
9bfe7fbf,0,
059aea1c,0,
729dda8a,0,
9c93bba6,0,
0c2ca637,0,
7b2b96a1,0,
c7d41cea,0,
59b08949,0,
c0b9d8f3,0,
2701f5f4,0,
47c67c11,0,
decf2dab,0,
aea5d924,0,
3e1ac4b5,0,
c05e60de,0,
59573164,0,
2e5001f2,0,
c733a4c7,0,
293dc5eb,0,
b982d87a,0,
ce85e8ec,0,
ae426109,0,
d945519f,0,
374b30b3,0,
a92fa510,0,
3026f4aa,0,
a099e93b,0,
d79ed9ad,0,
904cd15b,0,
e74be1cd,0,
792f746e,0,
0e2844f8,0,
079e08d3,0,
fe50d08c,0,
6034452f,0,
f93d1495,0,
1e853992,0,
4c74d2f5,0,
3b73e263,0,
d57d834f,0,
4b1916ec,0,
d2104756,0,
42af5ac7,0,
bb618298,0,
cc66b20e,0,
520227ad,0,
2505173b,0,
832724c9,0,
1d43b16a,0,
6a4481fc,0,
14f5fd41,0,
63f2cdd7,0,
03354432,0,
743274a4,0,
735fb0bd,0,
ea56e107,0,
9d51d191,0,
281817f1,0,
5f1f2767,0,
c17bb2c4,0,
a80a770a,0,
366ee2a9,0,
4169d23f,0,
b69b3a7f,0,
58955b53,0,
b1f6fe66,0,
c6f1cef0,0,
5ff89f4a,0,
28ffafdc,0,
b840b24d,0,
cf4782db,0,
36895a84,0,
46e3ae0b,0,
31e49e9d,0,
77bc7d45,0,
